reference_index,bundle_file,item,category,type,release_status,asset_id,source_batch,detail
0,images/furniture/housewares/2021_celebratory_arch_8641f94d57.png,2021 celebratory arch,Housewares,furniture,shipped_production,celebratory_arch_gold,b001-housewares-1,game/assets/models/celebratory_arch_gold.glb v1 sha256 6f7c1cf09a02b5d5
1,images/furniture/housewares/2022_celebratory_arch_0d1146234e.png,2022 celebratory arch,Housewares,furniture,shipped_production,celebratory_arch_teal,b001-housewares-1,game/assets/models/celebratory_arch_teal.glb v1 sha256 dd281db264997dc2
2,images/furniture/housewares/abd_65ffc45e9b.png,ABD,Housewares,furniture,shipped_production,cash_machine,b001-housewares-1,game/assets/models/cash_machine.glb v1 sha256 6095cea88508cea5
3,images/furniture/housewares/acoustic_guitar_5c73fe22e0.png,Acoustic guitar,Housewares,furniture,shipped_production,acoustic_guitar_stand,b001-housewares-1,game/assets/models/acoustic_guitar_stand.glb v1 sha256 ac348f66daa8e8a2
4,images/furniture/housewares/alto_saxophone_ff800969d0.png,Alto saxophone,Housewares,furniture,shipped_production,saxophone_stand,b002-housewares-2,game/assets/models/saxophone_stand.glb v1 sha256 69dafed2c4b1e10a
5,images/furniture/housewares/amazing_machine_b4e8f7b208.png,Amazing machine,Housewares,furniture,shipped_production,lab_machine,b002-housewares-2,game/assets/models/lab_machine.glb v1 sha256 7869807391dbbb4d
6,images/furniture/housewares/amp_d1ae005761.png,Amp,Housewares,furniture,shipped_production,practice_amp,b001-housewares-1,game/assets/models/practice_amp.glb v1 sha256 edec7583dfaa50cb
7,images/furniture/housewares/anatomical_model_c7521b157f.png,Anatomical model,Housewares,furniture,shipped_production,anatomy_model,b002-housewares-2,game/assets/models/anatomy_model.glb v1 sha256 5a771712efd16d31
8,images/furniture/housewares/anchor_statue_4190cf4ec2.png,Anchor statue,Housewares,furniture,shipped_production,anchor_statue,b002-housewares-2,game/assets/models/anchor_statue.glb v1 sha256 450d7892bf9b7659
9,images/furniture/housewares/angled_signpost_8ae36bbeb8.png,Angled signpost,Housewares,furniture,shipped_production,wooden_signpost,b002-housewares-2,game/assets/models/wooden_signpost.glb v1 sha256 b11cb822f97e9229
10,images/furniture/housewares/antique_bed_417ae69053.png,Antique bed,Housewares,furniture,shipped_pilot,scallop_bed,,frozen pilot-10 v1 asset 03-bed (integrated by GameCode as scallop_bed); revalidated by validator v2 in b000
11,images/furniture/housewares/antique_bureau_2047f617f9.png,Antique bureau,Housewares,furniture,shipped_pilot,writing_bureau,,frozen pilot-10 v1 asset 04-writing-bureau (integrated by GameCode as writing_bureau); revalidated by validator v2 in b000
12,images/furniture/housewares/antique_chair_bee42191de.png,Antique chair,Housewares,furniture,shipped_pilot,scallop_chair,,frozen pilot-10 v1 asset 01-chair (integrated by GameCode as scallop_chair); revalidated by validator v2 in b000
13,images/furniture/housewares/antique_clock_8c69e27f88.png,Antique clock,Housewares,furniture,shipped_production,tall_case_clock,b001-housewares-1,game/assets/models/tall_case_clock.glb v1 sha256 34e25d5eeb948773
14,images/furniture/housewares/antique_console_table_4f3f76f99c.png,Antique console table,Housewares,furniture,shipped_production,antique_console_table,b001-housewares-1,game/assets/models/antique_console_table.glb v1 sha256 e927ef180baa6e60
15,images/furniture/housewares/antique_mini_table_19cb11e798.png,Antique mini table,Housewares,furniture,shipped_production,pedestal_side_table,b001-housewares-1,game/assets/models/pedestal_side_table.glb v1 sha256 1778f9161063b9d1
16,images/furniture/housewares/antique_table_22fd54f7c0.png,Antique table,Housewares,furniture,shipped_pilot,cozy_round_table,,frozen pilot-10 v1 asset 02-round-table (integrated by GameCode as cozy_round_table); revalidated by validator v2 in b000
17,images/furniture/housewares/antique_vanity_8bce7bfe3f.png,Antique vanity,Housewares,furniture,shipped_production,antique_vanity,b001-housewares-1,game/assets/models/antique_vanity.glb v1 sha256 988c6055fb5ca49b
18,images/furniture/housewares/antique_wardrobe_c4cc9dbe28.png,Antique wardrobe,Housewares,furniture,shipped_production,antique_wardrobe,b001-housewares-1,game/assets/models/antique_wardrobe.glb v1 sha256 ee88d9e08c7dc5ff
19,images/furniture/housewares/apple_chair_9b030dca99.png,Apple chair,Housewares,furniture,shipped_production,apple_chair,b001-housewares-1,game/assets/models/apple_chair.glb v1 sha256 4c9235c52053c719
20,images/furniture/housewares/aquarius_urn_cb4911050f.png,Aquarius urn,Housewares,furniture,shipped_production,handled_urn,b001-housewares-1,game/assets/models/handled_urn.glb v1 sha256 5a815e53856fca0e
21,images/furniture/housewares/arcade_combat_game_2d9506b21f.png,Arcade combat game,Housewares,furniture,shipped_production,arcade_cabinet_blue,b001-housewares-1,game/assets/models/arcade_cabinet_blue.glb v1 sha256 63ff943170b80379
22,images/furniture/housewares/arcade_fighting_game_1696502522.png,Arcade fighting game,Housewares,furniture,shipped_production,arcade_cabinet_red,b001-housewares-1,game/assets/models/arcade_cabinet_red.glb v1 sha256 5aea4333bb8b3316
23,images/furniture/housewares/arcade_mahjong_game_e517563441.png,Arcade mahjong game,Housewares,furniture,shipped_production,arcade_cabinet_keys,b001-housewares-1,game/assets/models/arcade_cabinet_keys.glb v1 sha256 d5daa56f874b53a5
24,images/furniture/housewares/arcade_seat_a455030324.png,Arcade seat,Housewares,furniture,shipped_production,cushion_stool,b002-housewares-2,game/assets/models/cushion_stool.glb v1 sha256 304e814907e6226c
25,images/furniture/housewares/arched_reception_counter_0d985b0f87.png,Arched reception counter,Housewares,furniture,shipped_pilot,curved_counter,,frozen pilot-10 v1 asset 08-curved-counter (integrated by GameCode as curved_counter); revalidated by validator v2 in b000
26,images/furniture/housewares/aries_rocking_chair_eb6041165e.png,Aries rocking chair,Housewares,furniture,shipped_production,ram_rocker,b002-housewares-2,game/assets/models/ram_rocker.glb v1 sha256 e687429a67b1efd4
27,images/furniture/housewares/artful_bed_6fe554b1e0.png,Artful bed,Housewares,furniture,shipped_production,low_platform_bed,b002-housewares-2,game/assets/models/low_platform_bed.glb v1 sha256 28f0ffe8cfa08b37
28,images/furniture/housewares/artful_chair_42753d64eb.png,Artful chair,Housewares,furniture,shipped_production,slat_armchair,b002-housewares-2,game/assets/models/slat_armchair.glb v1 sha256 f77ecb7383deb042
29,images/furniture/housewares/artful_lamp_6f4a2fda04.png,Artful lamp,Housewares,furniture,shipped_production,paper_floor_lamp,b002-housewares-2,game/assets/models/paper_floor_lamp.glb v1 sha256 5f0e20966d59a837
30,images/furniture/housewares/artful_screen_89871b5ed6.png,Artful screen,Housewares,furniture,shipped_production,folding_screen,b002-housewares-2,game/assets/models/folding_screen.glb v1 sha256 9b0741cace2300e7
31,images/furniture/housewares/artful_shelves_07d04d2ead.png,Artful shelves,Housewares,furniture,shipped_production,lattice_cabinet,b002-housewares-2,game/assets/models/lattice_cabinet.glb v1 sha256 57f6df8dd53be51e
32,images/furniture/housewares/artisanal_bug_cage_dbb8ca771c.png,Artisanal bug cage,Housewares,furniture,shipped_production,insect_house,b002-housewares-2,game/assets/models/insect_house.glb v1 sha256 187a97079a3cc932
33,images/furniture/housewares/artsy_chair_c1e3fc6b86.png,Artsy chair,Housewares,furniture,shipped_production,egg_lounge_chair,b002-housewares-2,game/assets/models/egg_lounge_chair.glb v1 sha256 744888ebcb96ca56
34,images/furniture/housewares/artsy_table_13a7c367c3.png,Artsy table,Housewares,furniture,shipped_production,oval_arch_table,b002-housewares-2,game/assets/models/oval_arch_table.glb v1 sha256 c081ff540ac58ec7
35,images/furniture/housewares/asteroid_62e2c33886.png,Asteroid,Housewares,furniture,shipped_production,space_rock,b003-housewares-3,game/assets/models/space_rock.glb v1 sha256 2f43e0396b21a883
36,images/furniture/housewares/astronaut_suit_8526b0ab59.png,Astronaut suit,Housewares,furniture,shipped_production,space_suit_display,b003-housewares-3,game/assets/models/space_suit_display.glb v1 sha256 74cf13fe742a0482
37,images/furniture/housewares/automatic_washer_8a4a99bbf3.png,Automatic washer,Housewares,furniture,shipped_production,top_load_washer,b003-housewares-3,game/assets/models/top_load_washer.glb v1 sha256 1647829a12485c1c
38,images/furniture/housewares/azumaya_gazebo_83ce8f32c0.png,Azumaya gazebo,Housewares,furniture,shipped_production,garden_pavilion,b003-housewares-3,game/assets/models/garden_pavilion.glb v1 sha256 8364571422fe5124
39,images/furniture/housewares/baby_bed_02fc8be9dc.png,Baby bed,Housewares,furniture,shipped_production,baby_crib,b003-housewares-3,game/assets/models/baby_crib.glb v1 sha256 3cafab63ac098253
40,images/furniture/housewares/baby_chair_90f8f08721.png,Baby chair,Housewares,furniture,shipped_production,child_tube_chair,b003-housewares-3,game/assets/models/child_tube_chair.glb v1 sha256 2013a9d43db6a2d4
41,images/furniture/housewares/ball_catcher_f2e306acf8.png,Ball catcher,Housewares,furniture,shipped_production,ball_cart,b003-housewares-3,game/assets/models/ball_cart.glb v1 sha256 c0be56379764cfef
42,images/furniture/housewares/bamboo_basket_147f4e17e0.png,Bamboo basket,Housewares,furniture,shipped_production,bamboo_basket,b003-housewares-3,game/assets/models/bamboo_basket.glb v1 sha256 fd25a8c6d4a1f56d
43,images/furniture/housewares/bamboo_bench_028b935986.png,Bamboo bench,Housewares,furniture,shipped_production,bamboo_bench,b003-housewares-3,game/assets/models/bamboo_bench.glb v1 sha256 3c1c28fdce615e15
44,images/furniture/housewares/bamboo_doll_e2775e7c4c.png,Bamboo doll,Housewares,furniture,shipped_production,glowing_bamboo,b003-housewares-3,game/assets/models/glowing_bamboo.glb v1 sha256 8ed60f304402e223
45,images/furniture/housewares/bamboo_floor_lamp_b8707248c9.png,Bamboo floor lamp,Housewares,furniture,shipped_production,bamboo_floor_lantern,b003-housewares-3,game/assets/models/bamboo_floor_lantern.glb v1 sha256 8b0a49f9576ce091
46,images/furniture/housewares/bamboo_grass_0d04abdd5a.png,Bamboo grass,Housewares,furniture,shipped_production,wish_bamboo,b003-housewares-3,game/assets/models/wish_bamboo.glb v1 sha256 8d6deeb83b67946e
47,images/furniture/housewares/bamboo_noodle_slide_44f76b4538.png,Bamboo noodle slide,Housewares,furniture,shipped_production,bamboo_noodle_slide,b003-housewares-3,game/assets/models/bamboo_noodle_slide.glb v1 sha256 16b5a1728b3742d6
48,images/furniture/housewares/bamboo_partition_a1cdb8af8a.png,Bamboo partition,Housewares,furniture,shipped_production,bamboo_partition,b003-housewares-3,game/assets/models/bamboo_partition.glb v1 sha256 f1a59deb3d427a2b
49,images/furniture/housewares/bamboo_shelf_720e980460.png,Bamboo shelf,Housewares,furniture,shipped_production,bamboo_ring_shelf,b003-housewares-3,game/assets/models/bamboo_ring_shelf.glb v1 sha256 44d91dac146a695b
50,images/furniture/miscellaneous/1_up_mushroom_518593bd4c.png,1-Up Mushroom,Miscellaneous,furniture,blocked,,,"BLOCKED third-party IP: the reference is a recognizable Nintendo character item (Super Mario 1-Up Mushroom). Task rules forbid copying recognizable Nintendo item designs, and a generic mushroom would not represent this reference. Evidence: source_item_url in progress/reference_status.json; icon input/references/nookipedia/images/furniture/miscellaneous/."
51,images/furniture/miscellaneous/accessories_stand_bdab5cd3b5.png,Accessories stand,Miscellaneous,furniture,shipped_production,accessory_rack,b004-misc-1,game/assets/models/accessory_rack.glb v1 sha256 344cc05723d8c2fd
52,images/furniture/miscellaneous/acnh_nintendo_switch_fef67bd7b9.png,ACNH Nintendo Switch,Miscellaneous,furniture,blocked,,,BLOCKED third-party IP: the reference is a Nintendo hardware product (Nintendo Switch console with branded dock). A recognizable replica is prohibited; a generic console would not represent this reference.
53,images/furniture/miscellaneous/afternoon_tea_set_55d08d89c9.png,Afternoon-tea set,Miscellaneous,furniture,shipped_production,tiered_tea_stand,b004-misc-1,game/assets/models/tiered_tea_stand.glb v1 sha256 9cb946440d79512e
54,images/furniture/miscellaneous/agrias_butterfly_model_d5a949da91.png,Agrias butterfly model,Miscellaneous,furniture,shipped_production,butterfly_model,b004-misc-1,game/assets/models/butterfly_model.glb v1 sha256 58a418bc8f4eec9b
55,images/furniture/miscellaneous/air_circulator_e31a9b81f4.png,Air circulator,Miscellaneous,furniture,shipped_production,circulator_fan,b004-misc-1,game/assets/models/circulator_fan.glb v1 sha256 3dfe4a253f1a7efe
56,images/furniture/miscellaneous/aji_fry_37173332e4.png,Aji fry,Miscellaneous,furniture,shipped_production,fried_fish_plate,b004-misc-1,game/assets/models/fried_fish_plate.glb v1 sha256 d56ea8b7e298a14e
57,images/furniture/miscellaneous/aloha_edition_carrying_case_66d09c9999.png,Aloha-edition carrying case,Miscellaneous,furniture,blocked,,,BLOCKED third-party IP: the reference is a branded Nintendo Switch carrying-case product edition. A recognizable replica is prohibited; a generic case would not represent this reference.
58,images/furniture/miscellaneous/aluminum_briefcase_7b3ea1c05d.png,Aluminum briefcase,Miscellaneous,furniture,shipped_production,aluminum_briefcase,b004-misc-1,game/assets/models/aluminum_briefcase.glb v1 sha256 85da84f48efcf8fb
59,images/furniture/miscellaneous/analog_kitchen_scale_1844b24e79.png,Analog kitchen scale,Miscellaneous,furniture,shipped_production,kitchen_scale,b004-misc-1,game/assets/models/kitchen_scale.glb v1 sha256 94e7c0c6acbf4339
60,images/furniture/miscellaneous/anchoas_al_ajillo_926f23fddb.png,Anchoas al ajillo,Miscellaneous,furniture,shipped_production,garlic_fish_skillet,b004-misc-1,game/assets/models/garlic_fish_skillet.glb v1 sha256 5a2d9b320f84de91
61,images/furniture/miscellaneous/anchovy_model_1112a23275.png,Anchovy model,Miscellaneous,furniture,shipped_production,anchovy_model,b004-misc-1,game/assets/models/anchovy_model.glb v1 sha256 61a567afea6651af
62,images/furniture/miscellaneous/ancient_statue_4568cfc44c.png,Ancient statue,Miscellaneous,furniture,shipped_production,clay_figurine,b004-misc-1,game/assets/models/clay_figurine.glb v1 sha256 2197eb52ff629caf
63,images/furniture/miscellaneous/ancient_statue_fake_d68a8fa09f.png,Ancient statue (fake),Miscellaneous,furniture,shipped_production,clay_figurine,b004-misc-1,game/assets/models/clay_figurine.glb v1 sha256 2197eb52ff629caf
64,images/furniture/miscellaneous/angelfish_model_520fbef699.png,Angelfish model,Miscellaneous,furniture,shipped_production,angelfish_model,b004-misc-1,game/assets/models/angelfish_model.glb v1 sha256 cc947a358891bbef
65,images/furniture/miscellaneous/ant_farm_6141723a3a.png,Ant farm,Miscellaneous,furniture,shipped_production,ant_farm,b004-misc-1,game/assets/models/ant_farm.glb v1 sha256 6b74ff51defce8d1
66,images/furniture/miscellaneous/ant_model_aa2b6d697c.png,Ant model,Miscellaneous,furniture,shipped_production,ant_model,b004-misc-1,game/assets/models/ant_model.glb v1 sha256 f2067c4e72259b6a
67,images/furniture/miscellaneous/anthurium_plant_1f40008c3c.png,Anthurium plant,Miscellaneous,furniture,shipped_pilot,flower_pot_bloom,,frozen pilot-10 v1 asset 09-flower-pot (integrated by GameCode as flower_pot_bloom); revalidated by validator v2 in b000
68,images/furniture/miscellaneous/antique_cash_register_0ca03a427a.png,Antique cash register,Miscellaneous,furniture,shipped_production,brass_cash_register,b005-misc-2,game/assets/models/brass_cash_register.glb v1 sha256 c92360d17e7a8916
69,images/furniture/miscellaneous/antique_map_7e50e48ed9.png,Antique map,Miscellaneous,furniture,shipped_production,map_on_easel,b005-misc-2,game/assets/models/map_on_easel.glb v1 sha256 bc3b695293f8940d
70,images/furniture/miscellaneous/antique_radio_9a08710602.png,Antique radio,Miscellaneous,furniture,shipped_production,arched_table_radio,b005-misc-2,game/assets/models/arched_table_radio.glb v1 sha256 8c8994e5154783d5
71,images/furniture/miscellaneous/apple_jam_4025b2d805.png,Apple jam,Miscellaneous,furniture,shipped_production,apple_jam_jars,b005-misc-2,game/assets/models/apple_jam_jars.glb v1 sha256 92bdd1a4ad2a0e76
72,images/furniture/miscellaneous/apple_jelly_3d82ad7cd6.png,Apple jelly,Miscellaneous,furniture,shipped_production,apple_jelly_plate,b005-misc-2,game/assets/models/apple_jelly_plate.glb v1 sha256 58ab890c507efd0c
73,images/furniture/miscellaneous/apple_pie_741ef00004.png,Apple pie,Miscellaneous,furniture,shipped_production,apple_pie_plate,b005-misc-2,game/assets/models/apple_pie_plate.glb v1 sha256 99357d8a2ac88ddc
74,images/furniture/miscellaneous/apple_smoothie_6795928c79.png,Apple smoothie,Miscellaneous,furniture,shipped_production,apple_smoothie,b005-misc-2,game/assets/models/apple_smoothie.glb v1 sha256 ba8f3f55c0298d4d
75,images/furniture/miscellaneous/apple_tart_5a8a994395.png,Apple tart,Miscellaneous,furniture,shipped_production,apple_tart_slice,b005-misc-2,game/assets/models/apple_tart_slice.glb v1 sha256 5d01de17760a5c2a
76,images/furniture/miscellaneous/arapaima_model_510c20ea1c.png,Arapaima model,Miscellaneous,furniture,shipped_production,arapaima_model,b005-misc-2,game/assets/models/arapaima_model.glb v1 sha256 5d4f65549fe08749
77,images/furniture/miscellaneous/aroma_pot_8b56c2b348.png,Aroma pot,Miscellaneous,furniture,shipped_production,aroma_burner,b005-misc-2,game/assets/models/aroma_burner.glb v1 sha256 99b83cdc8dd38aaa
78,images/furniture/miscellaneous/arowana_model_50367faf36.png,Arowana model,Miscellaneous,furniture,shipped_production,arowana_model,b005-misc-2,game/assets/models/arowana_model.glb v1 sha256 7d58ed561008ae09
79,images/furniture/miscellaneous/baby_bear_158ac8bd3d.png,Baby bear,Miscellaneous,furniture,shipped_production,plush_bear,b005-misc-2,game/assets/models/plush_bear.glb v1 sha256 e5f999699249931e
80,images/furniture/miscellaneous/baby_panda_a2b391f366.png,Baby panda,Miscellaneous,furniture,shipped_production,plush_panda,b005-misc-2,game/assets/models/plush_panda.glb v1 sha256 0caec37b24f65fa2
81,images/furniture/miscellaneous/backlit_sign_f06d74ea9c.png,Backlit sign,Miscellaneous,furniture,shipped_production,backlit_box_sign,b005-misc-2,game/assets/models/backlit_box_sign.glb v1 sha256 6381170afc6b3510
82,images/furniture/miscellaneous/bagworm_model_061b93eb84.png,Bagworm model,Miscellaneous,furniture,shipped_production,bagworm_model,b006-misc-3,game/assets/models/bagworm_model.glb v1 sha256 4112a14f0d9e1bd5
83,images/furniture/miscellaneous/baked_potatoes_aa49dfa334.png,Baked potatoes,Miscellaneous,furniture,shipped_production,baked_potatoes_plate,b006-misc-3,game/assets/models/baked_potatoes_plate.glb v1 sha256 85efe736fafd1ba1
84,images/furniture/miscellaneous/ball_15b9078e53.png,Ball,Miscellaneous,furniture,shipped_production,basketball,b006-misc-3,game/assets/models/basketball.glb v1 sha256 1cc1d18b87b56489
85,images/furniture/miscellaneous/bamboo_candleholder_d1fdbf5426.png,Bamboo candleholder,Miscellaneous,furniture,shipped_production,bamboo_candle_cup,b006-misc-3,game/assets/models/bamboo_candle_cup.glb v1 sha256 d195448f7cd3154e
86,images/furniture/miscellaneous/bamboo_drum_3682333cd1.png,Bamboo drum,Miscellaneous,furniture,shipped_production,bamboo_slit_drum,b006-misc-3,game/assets/models/bamboo_slit_drum.glb v1 sha256 f24fef2438ddf77b
87,images/furniture/miscellaneous/bamboo_lunch_box_b573e0956e.png,Bamboo lunch box,Miscellaneous,furniture,shipped_production,bamboo_lunch_basket,b006-misc-3,game/assets/models/bamboo_lunch_basket.glb v1 sha256 3a9585738cc83be8
88,images/furniture/miscellaneous/bamboo_shoot_lamp_c51a122bb3.png,Bamboo-shoot lamp,Miscellaneous,furniture,shipped_production,bamboo_shoot_lamp,b006-misc-3,game/assets/models/bamboo_shoot_lamp.glb v1 sha256 9968e201c465fc83
89,images/furniture/miscellaneous/bamboo_shoot_soup_b0d41c1005.png,Bamboo-shoot soup,Miscellaneous,furniture,shipped_production,bamboo_shoot_soup,b006-misc-3,game/assets/models/bamboo_shoot_soup.glb v1 sha256 367d1b1b53cec29e
90,images/furniture/miscellaneous/bamboo_sphere_4cdaa1fe75.png,Bamboo sphere,Miscellaneous,furniture,shipped_production,woven_bamboo_sphere,b006-misc-3,game/assets/models/woven_bamboo_sphere.glb v1 sha256 b9e9a541dd901974
91,images/furniture/miscellaneous/banker_s_lamp_b594c37403.png,Banker's lamp,Miscellaneous,furniture,shipped_pilot,desk_lamp,,frozen pilot-10 v1 asset 06-desk-lamp (integrated by GameCode as desk_lamp); revalidated by validator v2 in b000
92,images/furniture/miscellaneous/barred_knifejaw_carpaccio_b9529cb5fe.png,Barred-knifejaw carpaccio,Miscellaneous,furniture,shipped_production,fish_carpaccio_plate,b006-misc-3,game/assets/models/fish_carpaccio_plate.glb v1 sha256 c20609d3dae00ef7
93,images/furniture/miscellaneous/barred_knifejaw_model_84af3647d8.png,Barred knifejaw model,Miscellaneous,furniture,shipped_production,striped_fish_model,b006-misc-3,game/assets/models/striped_fish_model.glb v1 sha256 1bdfefdf063baa95
94,images/furniture/miscellaneous/barreleye_model_acb414ee52.png,Barreleye model,Miscellaneous,furniture,shipped_production,deep_sea_fish_model,b006-misc-3,game/assets/models/deep_sea_fish_model.glb v1 sha256 4d53ae5d7b3f9d4a
95,images/furniture/miscellaneous/baseball_set_46438abbb0.png,Baseball set,Miscellaneous,furniture,shipped_production,baseball_set,b006-misc-3,game/assets/models/baseball_set.glb v1 sha256 31ec7fda05fe2dd5
96,images/furniture/miscellaneous/bath_bucket_07a0bfec1b.png,Bath bucket,Miscellaneous,furniture,shipped_production,bath_bucket,b006-misc-3,game/assets/models/bath_bucket.glb v1 sha256 81c4c6f040b05a84
97,images/furniture/miscellaneous/beach_ball_6ba9290089.png,Beach ball,Miscellaneous,furniture,shipped_production,beach_ball,b006-misc-3,game/assets/models/beach_ball.glb v1 sha256 4e4a9119b0f4db6c
98,images/furniture/miscellaneous/bell_cricket_model_2fb5e12cbe.png,Bell cricket model,Miscellaneous,furniture,shipped_production,cricket_model,b006-misc-3,game/assets/models/cricket_model.glb v1 sha256 3f7ba698489b5851
99,images/furniture/miscellaneous/berliner_e8c771959f.png,Berliner,Miscellaneous,furniture,shipped_production,berliner_plate,b006-misc-3,game/assets/models/berliner_plate.glb v1 sha256 26c2f96d71fa0f7a
100,images/furniture/wall_mounted/academic_painting_f2c094fe2e.png,Academic painting,Wall-mounted,furniture,shipped_production,framed_painting_ring,b007-wall-1,game/assets/models/framed_painting_ring.glb v1 sha256 09fda929882881eb
101,images/furniture/wall_mounted/academic_painting_fake_0d173a58a2.png,Academic painting (fake),Wall-mounted,furniture,shipped_production,framed_painting_ring,b007-wall-1,game/assets/models/framed_painting_ring.glb v1 sha256 09fda929882881eb
102,images/furniture/wall_mounted/air_conditioner_7184924b7a.png,Air conditioner,Wall-mounted,furniture,shipped_production,wall_air_conditioner,b007-wall-1,game/assets/models/wall_air_conditioner.glb v1 sha256 37cccd9754144bd4
103,images/furniture/wall_mounted/amazing_painting_fake_873b420959.png,Amazing painting (fake),Wall-mounted,furniture,shipped_production,framed_painting_night,b007-wall-1,game/assets/models/framed_painting_night.glb v1 sha256 7ccb637043c298ed
104,images/furniture/wall_mounted/amazing_painting_530d18d054.png,Amazing painting,Wall-mounted,furniture,shipped_production,framed_painting_night,b007-wall-1,game/assets/models/framed_painting_night.glb v1 sha256 7ccb637043c298ed
105,images/furniture/wall_mounted/antique_phone_570047c00b.png,Antique phone,Wall-mounted,furniture,shipped_production,wall_crank_phone,b007-wall-1,game/assets/models/wall_crank_phone.glb v1 sha256 0cb18d755f1e1afe
106,images/furniture/wall_mounted/art_plaque_a38fde279f.png,Art plaque,Wall-mounted,furniture,shipped_production,bust_relief_plaque,b007-wall-1,game/assets/models/bust_relief_plaque.glb v1 sha256 0c6559ce3de3f391
107,images/furniture/wall_mounted/autograph_cards_32aaf646a0.png,Autograph cards,Wall-mounted,furniture,shipped_production,signed_card_frames,b007-wall-1,game/assets/models/signed_card_frames.glb v1 sha256 83c9f5b96e33ce12
108,images/furniture/wall_mounted/bamboo_wall_decoration_078666eea0.png,Bamboo wall decoration,Wall-mounted,furniture,shipped_production,bamboo_wall_spray,b007-wall-1,game/assets/models/bamboo_wall_spray.glb v2 sha256 87615794a1544bb8
109,images/furniture/wall_mounted/basic_painting_709c2e89bf.png,Basic painting,Wall-mounted,furniture,shipped_production,framed_painting_portrait,b007-wall-1,game/assets/models/framed_painting_portrait.glb v1 sha256 2e17a608d58de53f
110,images/furniture/wall_mounted/basic_painting_fake_4eea1225e8.png,Basic painting (fake),Wall-mounted,furniture,shipped_production,framed_painting_portrait,b007-wall-1,game/assets/models/framed_painting_portrait.glb v1 sha256 2e17a608d58de53f
111,images/furniture/wall_mounted/bathroom_towel_rack_984ccbe0e7.png,Bathroom towel rack,Wall-mounted,furniture,shipped_production,towel_rack,b007-wall-1,game/assets/models/towel_rack.glb v1 sha256 2c076b35f496e571
112,images/furniture/wall_mounted/blue_rose_wreath_19e37ee2fa.png,Blue rose wreath,Wall-mounted,furniture,shipped_production,blue_rose_wreath,b007-wall-1,game/assets/models/blue_rose_wreath.glb v1 sha256 9c743cd287f5c333
113,images/furniture/wall_mounted/bone_doorplate_9a0b57e121.png,Bone doorplate,Wall-mounted,furniture,built_not_accepted,bone_doorplate,b007-wall-1,game contract: small items are 0.2-0.45 H tall; this wall item is 0.237 m = 0.183 H as a float32 bound
114,images/furniture/wall_mounted/boomerang_8e1cfe9b2b.png,Boomerang,Wall-mounted,furniture,shipped_production,wall_boomerang,b007-wall-1,game/assets/models/wall_boomerang.glb v2 sha256 d1120f3dece1930f
115,images/furniture/wall_mounted/breaker_b2955dff27.png,Breaker,Wall-mounted,furniture,built_not_accepted,breaker_box,b007-wall-1,game contract: small items are 0.2-0.45 H tall; this wall item is 0.260 m = 0.200 H as a float32 bound
116,images/furniture/wall_mounted/bronze_hha_plaque_1bb4ee6705.png,Bronze HHA plaque,Wall-mounted,furniture,shipped_production,round_award_plaque,b007-wall-1,game/assets/models/round_award_plaque.glb v1 sha256 2e10d14b87bf900f
117,images/furniture/wall_mounted/broom_and_dustpan_c6d96408b4.png,Broom and dustpan,Wall-mounted,furniture,shipped_production,broom_and_dustpan,b007-wall-1,game/assets/models/broom_and_dustpan.glb v1 sha256 1fc12808461ae671
118,images/furniture/wall_mounted/bug_plaque_4bd6c941da.png,Bug plaque,Wall-mounted,furniture,shipped_production,butterfly_plaque,b007-wall-1,game/assets/models/butterfly_plaque.glb v1 sha256 7d91f9d720573ab9
119,images/furniture/wall_mounted/bug_poster_58860e3c1f.png,Bug poster,Wall-mounted,furniture,built_not_accepted,insect_chart_poster,b007-wall-1,game contract: small items are 0.2-0.45 H tall; this wall item is 0.600 m = 0.462 H as a float32 bound
120,images/furniture/wall_mounted/bulletin_board_abf5142bd1.png,Bulletin board,Wall-mounted,furniture,shipped_production,green_bulletin_board,b007-wall-1,game/assets/models/green_bulletin_board.glb v1 sha256 71f19440a3757e87
121,images/furniture/wall_mounted/bunny_day_glowy_garland_3335aa6da2.png,Bunny Day glowy garland,Wall-mounted,furniture,shipped_production,egg_light_garland,b007-wall-1,game/assets/models/egg_light_garland.glb v2 sha256 b68bc14e731dbeda
122,images/furniture/wall_mounted/bunny_day_wall_clock_89b7a8f979.png,Bunny Day wall clock,Wall-mounted,furniture,shipped_production,egg_wall_clock,b007-wall-1,game/assets/models/egg_wall_clock.glb v1 sha256 4d2b5b5ee0f89b9a
123,images/furniture/wall_mounted/bunny_day_wreath_eb5375f9b1.png,Bunny Day wreath,Wall-mounted,furniture,shipped_production,egg_bow_wreath,b007-wall-1,game/assets/models/egg_bow_wreath.glb v1 sha256 9e93f1be90cb013c
124,images/furniture/wall_mounted/butterfly_fish_model_0d11d5532c.png,Butterfly-fish model,Wall-mounted,furniture,shipped_production,fish_trophy_wall,b007-wall-1,game/assets/models/fish_trophy_wall.glb v1 sha256 5c1eefdda89f2aa0
125,images/furniture/wall_mounted/calm_painting_8cf8b968a6.png,Calm painting,Wall-mounted,furniture,shipped_production,framed_painting_park,b008-wall-2,game/assets/models/framed_painting_park.glb v1 sha256 c413ce1d9e76545c
126,images/furniture/wall_mounted/cherry_blossom_clock_f2ffee288b.png,Cherry-blossom clock,Wall-mounted,furniture,shipped_production,blossom_wall_clock,b008-wall-2,game/assets/models/blossom_wall_clock.glb v1 sha256 f0dabc3b1d33d249
127,images/furniture/wall_mounted/cherry_lamp_fadf53e1fe.png,Cherry lamp,Wall-mounted,furniture,shipped_production,cherry_wall_lamp,b008-wall-2,game/assets/models/cherry_wall_lamp.glb v2 sha256 94f66a340e4e644b
128,images/furniture/wall_mounted/chic_cosmos_wreath_ab3e129420.png,Chic cosmos wreath,Wall-mounted,furniture,shipped_production,chic_cosmos_wreath,b008-wall-2,game/assets/models/chic_cosmos_wreath.glb v1 sha256 836820bfc0254d69
129,images/furniture/wall_mounted/chic_windflower_wreath_03b15f2b03.png,Chic windflower wreath,Wall-mounted,furniture,shipped_production,chic_windflower_wreath,b008-wall-2,game/assets/models/chic_windflower_wreath.glb v1 sha256 3653cf54571ef21d
130,images/furniture/wall_mounted/coconut_wall_planter_db3f341151.png,Coconut wall planter,Wall-mounted,furniture,shipped_production,coconut_wall_planter,b008-wall-2,game/assets/models/coconut_wall_planter.glb v2 sha256 3df216c7831a2863
131,images/furniture/wall_mounted/common_painting_fe76ba4e92.png,Common painting,Wall-mounted,furniture,shipped_production,framed_painting_field,b008-wall-2,game/assets/models/framed_painting_field.glb v1 sha256 3f711f96acf54b35
132,images/furniture/wall_mounted/cool_hyacinth_wreath_f34803f888.png,Cool hyacinth wreath,Wall-mounted,furniture,shipped_production,cool_hyacinth_wreath,b008-wall-2,game/assets/models/cool_hyacinth_wreath.glb v1 sha256 7d82d22a5f98eefc
133,images/furniture/wall_mounted/cool_pansy_wreath_781c9644ab.png,Cool pansy wreath,Wall-mounted,furniture,shipped_production,cool_pansy_wreath,b008-wall-2,game/assets/models/cool_pansy_wreath.glb v1 sha256 2fe32ec91741343a
134,images/furniture/wall_mounted/cool_windflower_wreath_23a96f3a86.png,Cool windflower wreath,Wall-mounted,furniture,shipped_production,cool_windflower_wreath,b008-wall-2,game/assets/models/cool_windflower_wreath.glb v1 sha256 9abe5ef68edaa0f1
135,images/furniture/wall_mounted/corkboard_241b22b272.png,Corkboard,Wall-mounted,furniture,shipped_production,cork_board,b008-wall-2,game/assets/models/cork_board.glb v1 sha256 5e22d292d0fde3c7
136,images/furniture/wall_mounted/cosmos_wreath_c7dd9c02a4.png,Cosmos wreath,Wall-mounted,furniture,shipped_production,cosmos_wreath,b008-wall-2,game/assets/models/cosmos_wreath.glb v1 sha256 cb03ce877d2b49cf
137,images/furniture/wall_mounted/crest_doorplate_d39a078295.png,Crest doorplate,Wall-mounted,furniture,shipped_production,crest_doorplate,b008-wall-2,game/assets/models/crest_doorplate.glb v1 sha256 35dfb8f977a4cced
138,images/furniture/wall_mounted/cuckoo_clock_53266b846f.png,Cuckoo clock,Wall-mounted,furniture,shipped_production,cuckoo_wall_clock,b008-wall-2,game/assets/models/cuckoo_wall_clock.glb v2 sha256 7500c7fec9804166
139,images/furniture/wall_mounted/cute_wall_mounted_clock_315ef32f73.png,Cute wall-mounted clock,Wall-mounted,furniture,shipped_pilot,wall_clock,,frozen pilot-10 v1 asset 07-wall-clock (integrated by GameCode as wall_clock); revalidated by validator v2 in b000
140,images/furniture/wall_mounted/dark_lily_wreath_5a38ed2162.png,Dark lily wreath,Wall-mounted,furniture,shipped_production,dark_lily_wreath,b008-wall-2,game/assets/models/dark_lily_wreath.glb v1 sha256 ec43ed91d0ac008e
141,images/furniture/wall_mounted/dark_rose_wreath_842dd7ac13.png,Dark rose wreath,Wall-mounted,furniture,shipped_production,dark_rose_wreath,b008-wall-2,game/assets/models/dark_rose_wreath.glb v1 sha256 e868e4b87213b0e2
142,images/furniture/wall_mounted/dark_tulip_wreath_d2620597bb.png,Dark tulip wreath,Wall-mounted,furniture,shipped_production,dark_tulip_wreath,b008-wall-2,game/assets/models/dark_tulip_wreath.glb v1 sha256 f831c15a4abb92d2
143,images/furniture/wall_mounted/deer_decoration_6653ac35ab.png,Deer decoration,Wall-mounted,furniture,built_not_accepted,antler_wall_mount,b008-wall-2,game contract: small items are 0.2-0.45 H tall; this wall item is 0.587 m = 0.451 H as a float32 bound
144,images/furniture/wall_mounted/detailed_painting_a6ece33d10.png,Detailed painting,Wall-mounted,furniture,shipped_production,framed_painting_scroll,b008-wall-2,game/assets/models/framed_painting_scroll.glb v1 sha256 d0355fb4d9f9d046
145,images/furniture/wall_mounted/detailed_painting_fake_e634e9b89a.png,Detailed painting (fake),Wall-mounted,furniture,shipped_production,framed_painting_scroll,b008-wall-2,game/assets/models/framed_painting_scroll.glb v1 sha256 d0355fb4d9f9d046
146,images/furniture/wall_mounted/diner_neon_clock_80e41c75e0.png,Diner neon clock,Wall-mounted,furniture,shipped_production,neon_ring_clock,b008-wall-2,game/assets/models/neon_ring_clock.glb v1 sha256 1cdbfecaf437f419
147,images/furniture/wall_mounted/double_sided_wall_clock_0bdff82581.png,Double-sided wall clock,Wall-mounted,furniture,shipped_production,station_wall_clock,b008-wall-2,game/assets/models/station_wall_clock.glb v1 sha256 55ab76e04db1577f
148,images/furniture/wall_mounted/dreamy_wall_rack_6b7993496b.png,Dreamy wall rack,Wall-mounted,furniture,shipped_production,plush_wall_shelf,b008-wall-2,game/assets/models/plush_wall_shelf.glb v2 sha256 bff3a02651743574
149,images/furniture/wall_mounted/dried_flower_garland_d7f714f2bd.png,Dried-flower garland,Wall-mounted,furniture,shipped_production,dried_flower_garland,b008-wall-2,game/assets/models/dried_flower_garland.glb v2 sha256 1781d6f7b2520171
150,images/furniture/ceiling_decor/bird_mobile_6568831cb7.png,Bird mobile,Ceiling decor,furniture,shipped_pilot,bird_mobile,,frozen pilot-10 v1 asset 10-bird-mobile (integrated by GameCode as bird_mobile); revalidated by validator v2 in b000
151,images/furniture/ceiling_decor/candle_chandelier_87fc81f153.png,Candle chandelier,Ceiling decor,furniture,built_not_accepted,candle_ring_chandelier,b009-ceiling-1,"ceiling item built; batch run had gate failures (fixed in builders, rerun not completed); not frozen"
152,images/furniture/ceiling_decor/ceiling_fan_e566243a07.png,Ceiling fan,Ceiling decor,furniture,built_not_accepted,ceiling_fan_light,b009-ceiling-1,"ceiling item built; batch run had gate failures (fixed in builders, rerun not completed); not frozen"
153,images/furniture/ceiling_decor/ceiling_spotlight_83f8657a6a.png,Ceiling spotlight,Ceiling decor,furniture,built_not_accepted,ceiling_spotlight_bar,b009-ceiling-1,"ceiling item built; batch run had gate failures (fixed in builders, rerun not completed); not frozen"
154,images/furniture/ceiling_decor/chandelier_8b3077d521.png,Chandelier,Ceiling decor,furniture,built_not_accepted,crystal_chandelier,b009-ceiling-1,"ceiling item built; batch run had gate failures (fixed in builders, rerun not completed); not frozen"
155,images/furniture/ceiling_decor/disco_ball_90b22bc7c7.png,Disco ball,Ceiling decor,furniture,built_not_accepted,disco_ball,b009-ceiling-1,"ceiling item built; batch run had gate failures (fixed in builders, rerun not completed); not frozen"
156,images/furniture/ceiling_decor/drapery_ca571312e3.png,Drapery,Ceiling decor,furniture,built_not_accepted,swag_drapery,b009-ceiling-1,"ceiling item built; batch run had gate failures (fixed in builders, rerun not completed); not frozen"
157,images/furniture/ceiling_decor/dreamy_hanging_decoration_520fb9e947.png,Dreamy hanging decoration,Ceiling decor,furniture,built_not_accepted,dreamy_star_strings,b009-ceiling-1,"ceiling item built; batch run had gate failures (fixed in builders, rerun not completed); not frozen"
158,images/furniture/ceiling_decor/dual_hanging_monitors_1549a81957.png,Dual hanging monitors,Ceiling decor,furniture,built_not_accepted,dual_hanging_screens,b009-ceiling-1,"ceiling item built; batch run had gate failures (fixed in builders, rerun not completed); not frozen"
159,images/furniture/ceiling_decor/enamel_lamp_e8ac19974a.png,Enamel lamp,Ceiling decor,furniture,built_not_accepted,enamel_pendant,b009-ceiling-1,"ceiling item built; batch run had gate failures (fixed in builders, rerun not completed); not frozen"
160,images/furniture/ceiling_decor/festival_lantern_0227a018d5.png,Festival lantern,Ceiling decor,furniture,built_not_accepted,red_paper_lantern,b009-ceiling-1,"ceiling item built; batch run had gate failures (fixed in builders, rerun not completed); not frozen"
161,images/furniture/ceiling_decor/festival_lantern_set_0c7e225122.png,Festival-lantern set,Ceiling decor,furniture,built_not_accepted,paper_lantern_string,b009-ceiling-1,"ceiling item built; batch run had gate failures (fixed in builders, rerun not completed); not frozen"
162,images/furniture/ceiling_decor/fluorescent_light_0068e98ac8.png,Fluorescent light,Ceiling decor,furniture,built_not_accepted,fluorescent_fixture,b009-ceiling-1,"ceiling item built; batch run had gate failures (fixed in builders, rerun not completed); not frozen"
163,images/furniture/ceiling_decor/hanging_cube_light_7a942a6d91.png,Hanging cube light,Ceiling decor,furniture,built_not_accepted,hanging_cube_lamp,b009-ceiling-1,"ceiling item built; batch run had gate failures (fixed in builders, rerun not completed); not frozen"
164,images/furniture/ceiling_decor/hanging_glowing_moss_d9b9025d93.png,Hanging glowing moss,Ceiling decor,furniture,built_not_accepted,glowing_moss_strands,b009-ceiling-1,"ceiling item built; batch run had gate failures (fixed in builders, rerun not completed); not frozen"
165,images/furniture/ceiling_decor/hanging_guide_sign_8807f6f491.png,Hanging guide sign,Ceiling decor,furniture,built_not_accepted,hanging_guide_board,b009-ceiling-1,"ceiling item built; batch run had gate failures (fixed in builders, rerun not completed); not frozen"
166,images/furniture/ceiling_decor/hanging_lightbulb_58ecb57c46.png,Hanging lightbulb,Ceiling decor,furniture,built_not_accepted,bare_bulb_pendant,b009-ceiling-1,"ceiling item built; batch run had gate failures (fixed in builders, rerun not completed); not frozen"
167,images/furniture/ceiling_decor/hanging_monitor_e41e64ed32.png,Hanging monitor,Ceiling decor,furniture,built_not_accepted,hanging_screen,b009-ceiling-1,"ceiling item built; batch run had gate failures (fixed in builders, rerun not completed); not frozen"
168,images/furniture/ceiling_decor/hanging_shelves_7fca2ea476.png,Hanging shelves,Ceiling decor,furniture,built_not_accepted,hanging_plant_shelves,b009-ceiling-1,"ceiling item built; batch run had gate failures (fixed in builders, rerun not completed); not frozen"
169,images/furniture/ceiling_decor/hanging_sign_956318ff3e.png,Hanging sign,Ceiling decor,furniture,built_not_accepted,hanging_shop_sign,b009-ceiling-1,"ceiling item built; batch run had gate failures (fixed in builders, rerun not completed); not frozen"
170,images/furniture/ceiling_decor/hanging_stage_lights_45e6bcce34.png,Hanging stage lights,Ceiling decor,furniture,built_not_accepted,stage_light_bar,b009-ceiling-1,"ceiling item built; batch run had gate failures (fixed in builders, rerun not completed); not frozen"
171,images/furniture/ceiling_decor/horizontal_split_curtains_696a9623c6.png,Horizontal split curtains,Ceiling decor,furniture,built_not_accepted,split_curtain_wide,b010-ceiling-2,"ceiling item built; batch run had gate failures (fixed in builders, rerun not completed); not frozen"
172,images/furniture/ceiling_decor/imperial_lamp_9a03279c3d.png,Imperial lamp,Ceiling decor,furniture,built_not_accepted,umbrella_pendant,b010-ceiling-2,"ceiling item built; batch run had gate failures (fixed in builders, rerun not completed); not frozen"
173,images/furniture/ceiling_decor/milk_glass_lamp_576ea42663.png,Milk-glass lamp,Ceiling decor,furniture,built_not_accepted,milk_glass_pendant,b010-ceiling-2,"ceiling item built; batch run had gate failures (fixed in builders, rerun not completed); not frozen"
174,images/furniture/ceiling_decor/moroccan_lights_5210eaa69b.png,Moroccan lights,Ceiling decor,furniture,built_not_accepted,tiered_lantern_cluster,b010-ceiling-2,"ceiling item built; batch run had gate failures (fixed in builders, rerun not completed); not frozen"
175,images/furniture/ceiling_decor/nordic_pendant_light_e51e9a12a3.png,Nordic pendant light,Ceiling decor,furniture,built_not_accepted,nordic_pendant,b010-ceiling-2,"ceiling item built; batch run had gate failures (fixed in builders, rerun not completed); not frozen"
176,images/furniture/ceiling_decor/ornithopter_40d6f8fd80.png,Ornithopter,Ceiling decor,furniture,built_not_accepted,paper_ornithopter,b010-ceiling-2,"ceiling item built; batch run had gate failures (fixed in builders, rerun not completed); not frozen"
177,images/furniture/ceiling_decor/paper_chain_ceiling_garland_c0e7357bca.png,Paper-chain ceiling garland,Ceiling decor,furniture,built_not_accepted,paper_chain_garland,b010-ceiling-2,"ceiling item built; batch run had gate failures (fixed in builders, rerun not completed); not frozen"
178,images/furniture/ceiling_decor/range_hood_df6d60257e.png,Range hood,Ceiling decor,furniture,built_not_accepted,kitchen_range_hood,b010-ceiling-2,"ceiling item built; batch run had gate failures (fixed in builders, rerun not completed); not frozen"
179,images/furniture/ceiling_decor/round_light_fixture_46acdaf3da.png,Round light fixture,Ceiling decor,furniture,built_not_accepted,three_globe_fixture,b010-ceiling-2,"ceiling item built; batch run had gate failures (fixed in builders, rerun not completed); not frozen"
180,images/furniture/ceiling_decor/shaded_pendant_lamp_b17f3f3cd2.png,Shaded pendant lamp,Ceiling decor,furniture,built_not_accepted,drum_shade_pendant,b010-ceiling-2,"ceiling item built; batch run had gate failures (fixed in builders, rerun not completed); not frozen"
181,images/furniture/ceiling_decor/simple_shaded_lamp_96f470c77e.png,Simple shaded lamp,Ceiling decor,furniture,built_not_accepted,cone_shade_pendant,b010-ceiling-2,"ceiling item built; batch run had gate failures (fixed in builders, rerun not completed); not frozen"
182,images/furniture/ceiling_decor/spiral_chandelier_3e92b94910.png,Spiral chandelier,Ceiling decor,furniture,built_not_accepted,spiral_crystal_chandelier,b010-ceiling-2,"ceiling item built; batch run had gate failures (fixed in builders, rerun not completed); not frozen"
183,images/furniture/ceiling_decor/stained_glass_light_12c84b34cb.png,Stained-glass light,Ceiling decor,furniture,built_not_accepted,stained_glass_pendant,b010-ceiling-2,"ceiling item built; batch run had gate failures (fixed in builders, rerun not completed); not frozen"
184,images/furniture/ceiling_decor/vertical_split_curtains_7c71c9e43c.png,Vertical split curtains,Ceiling decor,furniture,built_not_accepted,split_curtain_tall,b010-ceiling-2,"ceiling item built; batch run had gate failures (fixed in builders, rerun not completed); not frozen"
185,images/furniture/ceiling_decor/vine_garland_f4e2315c03.png,Vine garland,Ceiling decor,furniture,built_not_accepted,ivy_vine_garland,b010-ceiling-2,"ceiling item built; batch run had gate failures (fixed in builders, rerun not completed); not frozen"
186,images/furniture/ceiling_decor/wood_shade_lamp_1530024553.png,Wood-shade lamp,Ceiling decor,furniture,built_not_accepted,barrel_wood_pendant,b010-ceiling-2,"ceiling item built; batch run had gate failures (fixed in builders, rerun not completed); not frozen"
187,images/furniture/ceiling_decor/wooden_pendant_light_517ca4750f.png,Wooden pendant light,Ceiling decor,furniture,built_not_accepted,wood_frame_pendant,b010-ceiling-2,"ceiling item built; batch run had gate failures (fixed in builders, rerun not completed); not frozen"
188,images/furniture/ceiling_decor/zen_light_f0dfcf12f7.png,Zen light,Ceiling decor,furniture,built_not_accepted,paper_lattice_pendant,b010-ceiling-2,"ceiling item built; batch run had gate failures (fixed in builders, rerun not completed); not frozen"
189,images/clothing/tops/paradise_planning_blazer_5e31c26f15.png,Paradise Planning blazer,Tops,clothing,built_not_accepted,paradise_planning_blazer,c001-tops,"wearable: built on the kid rig replica; not accepted for release because the wearable validator self-test has not passed (last run failed one negative case; the redesigned case was never run) and the game has no equip system yet; batch frozen, all gates passed"
190,images/clothing/tops/paradise_planning_aloha_top_44fc3f0b27.png,Paradise Planning aloha top,Tops,clothing,built_not_accepted,paradise_planning_aloha_top,c001-tops,"wearable: built on the kid rig replica; not accepted for release because the wearable validator self-test has not passed (last run failed one negative case; the redesigned case was never run) and the game has no equip system yet; batch frozen, all gates passed"
191,images/clothing/tops/paradise_planning_tank_top_8f97828037.png,Paradise Planning tank top,Tops,clothing,built_not_accepted,paradise_planning_tank_top,c001-tops,"wearable: built on the kid rig replica; not accepted for release because the wearable validator self-test has not passed (last run failed one negative case; the redesigned case was never run) and the game has no equip system yet; batch frozen, all gates passed"
192,images/clothing/tops/paradise_planning_shirt_5461abd5ad.png,Paradise Planning shirt,Tops,clothing,built_not_accepted,paradise_planning_shirt,c001-tops,"wearable: built on the kid rig replica; not accepted for release because the wearable validator self-test has not passed (last run failed one negative case; the redesigned case was never run) and the game has no equip system yet; batch frozen, all gates passed"
193,images/clothing/tops/paradise_planning_tee_8a1140cb8c.png,Paradise Planning tee,Tops,clothing,built_not_accepted,paradise_planning_tee,c001-tops,"wearable: built on the kid rig replica; not accepted for release because the wearable validator self-test has not passed (last run failed one negative case; the redesigned case was never run) and the game has no equip system yet; batch frozen, all gates passed"
194,images/clothing/tops/paradise_planning_jacket_58b8a091f0.png,Paradise Planning jacket,Tops,clothing,built_not_accepted,paradise_planning_jacket,c001-tops,"wearable: built on the kid rig replica; not accepted for release because the wearable validator self-test has not passed (last run failed one negative case; the redesigned case was never run) and the game has no equip system yet; batch frozen, all gates passed"
195,images/clothing/tops/a_tee_b9cc0dd35c.png,A tee,Tops,clothing,built_not_accepted,a_tee,c001-tops,"wearable: built on the kid rig replica; not accepted for release because the wearable validator self-test has not passed (last run failed one negative case; the redesigned case was never run) and the game has no equip system yet; batch frozen, all gates passed"
196,images/clothing/tops/acid_washed_jacket_6c569d1ce0.png,Acid-washed jacket,Tops,clothing,built_not_accepted,acid_washed_jacket,c001-tops,"wearable: built on the kid rig replica; not accepted for release because the wearable validator self-test has not passed (last run failed one negative case; the redesigned case was never run) and the game has no equip system yet; batch frozen, all gates passed"
197,images/clothing/tops/after_school_jacket_3d8e7071df.png,After-school jacket,Tops,clothing,built_not_accepted,after_school_jacket,c001-tops,"wearable: built on the kid rig replica; not accepted for release because the wearable validator self-test has not passed (last run failed one negative case; the redesigned case was never run) and the game has no equip system yet; batch frozen, all gates passed"
198,images/clothing/tops/animal_print_coat_66a9e7b9bc.png,Animal-print coat,Tops,clothing,built_not_accepted,animal_print_coat,c001-tops,"wearable: built on the kid rig replica; not accepted for release because the wearable validator self-test has not passed (last run failed one negative case; the redesigned case was never run) and the game has no equip system yet; batch frozen, all gates passed"
199,images/clothing/tops/animal_stripes_tee_c64ef921c3.png,Animal-stripes tee,Tops,clothing,built_not_accepted,animal_stripes_tee,c001-tops,"wearable: built on the kid rig replica; not accepted for release because the wearable validator self-test has not passed (last run failed one negative case; the redesigned case was never run) and the game has no equip system yet; batch frozen, all gates passed"
200,images/clothing/tops/annyeong_tee_b0bf1b6198.png,Annyeong tee,Tops,clothing,built_not_accepted,annyeong_tee,c001-tops,"wearable: built on the kid rig replica; not accepted for release because the wearable validator self-test has not passed (last run failed one negative case; the redesigned case was never run) and the game has no equip system yet; batch frozen, all gates passed"
201,images/clothing/tops/anorak_jacket_aa9bd89bbf.png,Anorak jacket,Tops,clothing,built_not_accepted,anorak_jacket,c001-tops,"wearable: built on the kid rig replica; not accepted for release because the wearable validator self-test has not passed (last run failed one negative case; the redesigned case was never run) and the game has no equip system yet; batch frozen, all gates passed"
202,images/clothing/tops/apron_c4de9eaee0.png,Apron,Tops,clothing,built_not_accepted,apron,c001-tops,"wearable: built on the kid rig replica; not accepted for release because the wearable validator self-test has not passed (last run failed one negative case; the redesigned case was never run) and the game has no equip system yet; batch frozen, all gates passed"
203,images/clothing/tops/aran_knit_cardigan_ba33aa572f.png,Aran-knit cardigan,Tops,clothing,built_not_accepted,aran_knit_cardigan,c001-tops,"wearable: built on the kid rig replica; not accepted for release because the wearable validator self-test has not passed (last run failed one negative case; the redesigned case was never run) and the game has no equip system yet; batch frozen, all gates passed"
204,images/clothing/tops/aran_knit_sweater_e4dca263ff.png,Aran-knit sweater,Tops,clothing,built_not_accepted,aran_knit_sweater,c001-tops,"wearable: built on the kid rig replica; not accepted for release because the wearable validator self-test has not passed (last run failed one negative case; the redesigned case was never run) and the game has no equip system yet; batch frozen, all gates passed"
205,images/clothing/tops/argyle_sweater_534623f173.png,Argyle sweater,Tops,clothing,built_not_accepted,argyle_sweater,c001-tops,"wearable: built on the kid rig replica; not accepted for release because the wearable validator self-test has not passed (last run failed one negative case; the redesigned case was never run) and the game has no equip system yet; batch frozen, all gates passed"
206,images/clothing/tops/argyle_vest_ed3444889e.png,Argyle vest,Tops,clothing,built_not_accepted,argyle_vest,c001-tops,"wearable: built on the kid rig replica; not accepted for release because the wearable validator self-test has not passed (last run failed one negative case; the redesigned case was never run) and the game has no equip system yet; batch frozen, all gates passed"
207,images/clothing/tops/athletic_jacket_632821e862.png,Athletic jacket,Tops,clothing,built_not_accepted,athletic_jacket,c001-tops,"wearable: built on the kid rig replica; not accepted for release because the wearable validator self-test has not passed (last run failed one negative case; the redesigned case was never run) and the game has no equip system yet; batch frozen, all gates passed"
208,images/clothing/tops/baggy_shirt_330508c7ee.png,Baggy shirt,Tops,clothing,built_not_accepted,baggy_shirt,c001-tops,"wearable: built on the kid rig replica; not accepted for release because the wearable validator self-test has not passed (last run failed one negative case; the redesigned case was never run) and the game has no equip system yet; batch frozen, all gates passed"
209,images/clothing/tops/barista_uniform_6a58e39ede.png,Barista uniform,Tops,clothing,built_not_accepted,barista_uniform,c001-tops,"wearable: built on the kid rig replica; not accepted for release because the wearable validator self-test has not passed (last run failed one negative case; the redesigned case was never run) and the game has no equip system yet; batch frozen, all gates passed"
210,images/clothing/tops/baseball_shirt_50af2dfc88.png,Baseball shirt,Tops,clothing,built_not_accepted,baseball_shirt,c001-tops,"wearable: built on the kid rig replica; not accepted for release because the wearable validator self-test has not passed (last run failed one negative case; the redesigned case was never run) and the game has no equip system yet; batch frozen, all gates passed"
211,images/clothing/tops/basketball_tank_d1447d9806.png,Basketball tank,Tops,clothing,built_not_accepted,basketball_tank,c001-tops,"wearable: built on the kid rig replica; not accepted for release because the wearable validator self-test has not passed (last run failed one negative case; the redesigned case was never run) and the game has no equip system yet; batch frozen, all gates passed"
212,images/clothing/tops/bear_tee_0e9eb17a7e.png,Bear tee,Tops,clothing,built_not_accepted,bear_tee,c001-tops,"wearable: built on the kid rig replica; not accepted for release because the wearable validator self-test has not passed (last run failed one negative case; the redesigned case was never run) and the game has no equip system yet; batch frozen, all gates passed"
213,images/clothing/tops/big_star_tee_1d2e0171a9.png,Big-star tee,Tops,clothing,built_not_accepted,big_star_tee,c001-tops,"wearable: built on the kid rig replica; not accepted for release because the wearable validator self-test has not passed (last run failed one negative case; the redesigned case was never run) and the game has no equip system yet; batch frozen, all gates passed"
214,images/clothing/tops/biker_jacket_aa76db7d0c.png,Biker jacket,Tops,clothing,built_not_accepted,biker_jacket,c001-tops,"wearable: built on the kid rig replica; not accepted for release because the wearable validator self-test has not passed (last run failed one negative case; the redesigned case was never run) and the game has no equip system yet; batch frozen, all gates passed"
215,images/clothing/tops/blossom_tee_d341b4f8f6.png,Blossom tee,Tops,clothing,built_not_accepted,blossom_tee,c001-tops,"wearable: built on the kid rig replica; not accepted for release because the wearable validator self-test has not passed (last run failed one negative case; the redesigned case was never run) and the game has no equip system yet; batch frozen, all gates passed"
216,images/clothing/tops/blue_hotel_aloha_shirt_84518f26a3.png,Blue hotel aloha shirt,Tops,clothing,built_not_accepted,blue_hotel_aloha_shirt,c001-tops,"wearable: built on the kid rig replica; not accepted for release because the wearable validator self-test has not passed (last run failed one negative case; the redesigned case was never run) and the game has no equip system yet; batch frozen, all gates passed"
217,images/clothing/tops/blue_hotel_cardigan_d351c5cd3c.png,Blue hotel cardigan,Tops,clothing,built_not_accepted,blue_hotel_cardigan,c001-tops,"wearable: built on the kid rig replica; not accepted for release because the wearable validator self-test has not passed (last run failed one negative case; the redesigned case was never run) and the game has no equip system yet; batch frozen, all gates passed"
218,images/clothing/tops/blue_hotel_tee_738ff4c616.png,Blue hotel tee,Tops,clothing,built_not_accepted,blue_hotel_tee,c001-tops,"wearable: built on the kid rig replica; not accepted for release because the wearable validator self-test has not passed (last run failed one negative case; the redesigned case was never run) and the game has no equip system yet; batch frozen, all gates passed"
219,images/clothing/tops/boa_blouson_84a20e644f.png,Boa blouson,Tops,clothing,built_not_accepted,boa_blouson,c001-tops,"wearable: built on the kid rig replica; not accepted for release because the wearable validator self-test has not passed (last run failed one negative case; the redesigned case was never run) and the game has no equip system yet; batch frozen, all gates passed"
220,images/clothing/tops/boa_fleece_5ac301797a.png,Boa fleece,Tops,clothing,built_not_accepted,boa_fleece,c001-tops,"wearable: built on the kid rig replica; not accepted for release because the wearable validator self-test has not passed (last run failed one negative case; the redesigned case was never run) and the game has no equip system yet; batch frozen, all gates passed"
221,images/clothing/tops/bold_aloha_shirt_941227f65f.png,Bold aloha shirt,Tops,clothing,built_not_accepted,bold_aloha_shirt,c001-tops,"wearable: built on the kid rig replica; not accepted for release because the wearable validator self-test has not passed (last run failed one negative case; the redesigned case was never run) and the game has no equip system yet; batch frozen, all gates passed"
222,images/clothing/tops/bomber_style_jacket_9558e82114.png,Bomber-style jacket,Tops,clothing,built_not_accepted,bomber_style_jacket,c001-tops,"wearable: built on the kid rig replica; not accepted for release because the wearable validator self-test has not passed (last run failed one negative case; the redesigned case was never run) and the game has no equip system yet; batch frozen, all gates passed"
223,images/clothing/tops/bone_tee_b1fad51ca3.png,Bone tee,Tops,clothing,built_not_accepted,bone_tee,c001-tops,"wearable: built on the kid rig replica; not accepted for release because the wearable validator self-test has not passed (last run failed one negative case; the redesigned case was never run) and the game has no equip system yet; batch frozen, all gates passed"
224,images/clothing/tops/bonjour_tee_4adeaaa944.png,Bonjour tee,Tops,clothing,built_not_accepted,bonjour_tee,c001-tops,"wearable: built on the kid rig replica; not accepted for release because the wearable validator self-test has not passed (last run failed one negative case; the redesigned case was never run) and the game has no equip system yet; batch frozen, all gates passed"
225,images/clothing/tops/botanical_tee_3e2c6d58c0.png,Botanical tee,Tops,clothing,built_not_accepted,botanical_tee,c001-tops,"wearable: built on the kid rig replica; not accepted for release because the wearable validator self-test has not passed (last run failed one negative case; the redesigned case was never run) and the game has no equip system yet; batch frozen, all gates passed"
226,images/clothing/tops/bowling_shirt_7f549ea1dc.png,Bowling shirt,Tops,clothing,built_not_accepted,bowling_shirt,c001-tops,"wearable: built on the kid rig replica; not accepted for release because the wearable validator self-test has not passed (last run failed one negative case; the redesigned case was never run) and the game has no equip system yet; batch frozen, all gates passed"
227,images/clothing/tops/bug_aloha_shirt_220d642b43.png,Bug aloha shirt,Tops,clothing,built_not_accepted,bug_aloha_shirt,c001-tops,"wearable: built on the kid rig replica; not accepted for release because the wearable validator self-test has not passed (last run failed one negative case; the redesigned case was never run) and the game has no equip system yet; batch frozen, all gates passed"
228,images/clothing/tops/bulldog_jacket_4ca525b3fb.png,Bulldog jacket,Tops,clothing,built_not_accepted,bulldog_jacket,c001-tops,"wearable: built on the kid rig replica; not accepted for release because the wearable validator self-test has not passed (last run failed one negative case; the redesigned case was never run) and the game has no equip system yet; batch frozen, all gates passed"
229,images/clothing/tops/business_suitcoat_0ea2adbe28.png,Business suitcoat,Tops,clothing,built_not_accepted,business_suitcoat,c001-tops,"wearable: built on the kid rig replica; not accepted for release because the wearable validator self-test has not passed (last run failed one negative case; the redesigned case was never run) and the game has no equip system yet; batch frozen, all gates passed"
230,images/clothing/tops/caf_uniform_46161819a9.png,Café uniform,Tops,clothing,built_not_accepted,cafe_uniform,c001-tops,"wearable: built on the kid rig replica; not accepted for release because the wearable validator self-test has not passed (last run failed one negative case; the redesigned case was never run) and the game has no equip system yet; batch frozen, all gates passed"
231,images/clothing/tops/camo_bomber_style_jacket_55e770c0d0.png,Camo bomber-style jacket,Tops,clothing,built_not_accepted,camo_bomber_style_jacket,c001-tops,"wearable: built on the kid rig replica; not accepted for release because the wearable validator self-test has not passed (last run failed one negative case; the redesigned case was never run) and the game has no equip system yet; batch frozen, all gates passed"
232,images/clothing/tops/camo_tee_dc90d39f8b.png,Camo tee,Tops,clothing,built_not_accepted,camo_tee,c001-tops,"wearable: built on the kid rig replica; not accepted for release because the wearable validator self-test has not passed (last run failed one negative case; the redesigned case was never run) and the game has no equip system yet; batch frozen, all gates passed"
233,images/clothing/tops/camper_tee_ab09889bde.png,Camper tee,Tops,clothing,built_not_accepted,camper_tee,c001-tops,"wearable: built on the kid rig replica; not accepted for release because the wearable validator self-test has not passed (last run failed one negative case; the redesigned case was never run) and the game has no equip system yet; batch frozen, all gates passed"
234,images/clothing/tops/cardigan_school_uniform_top_8729f2422d.png,Cardigan school uniform top,Tops,clothing,built_not_accepted,cardigan_school_uniform_top,c001-tops,"wearable: built on the kid rig replica; not accepted for release because the wearable validator self-test has not passed (last run failed one negative case; the redesigned case was never run) and the game has no equip system yet; batch frozen, all gates passed"
235,images/clothing/tops/cardigan_shirt_combo_1c22d23b39.png,Cardigan-shirt combo,Tops,clothing,built_not_accepted,cardigan_shirt_combo,c001-tops,"wearable: built on the kid rig replica; not accepted for release because the wearable validator self-test has not passed (last run failed one negative case; the redesigned case was never run) and the game has no equip system yet; batch frozen, all gates passed"
236,images/clothing/tops/career_jacket_b8397643b3.png,Career jacket,Tops,clothing,built_not_accepted,career_jacket,c001-tops,"wearable: built on the kid rig replica; not accepted for release because the wearable validator self-test has not passed (last run failed one negative case; the redesigned case was never run) and the game has no equip system yet; batch frozen, all gates passed"
237,images/clothing/tops/cavalier_shirt_0cce23523e.png,Cavalier shirt,Tops,clothing,built_not_accepted,cavalier_shirt,c001-tops,"wearable: built on the kid rig replica; not accepted for release because the wearable validator self-test has not passed (last run failed one negative case; the redesigned case was never run) and the game has no equip system yet; batch frozen, all gates passed"
238,images/clothing/tops/champion_outfit_46fe0960aa.png,Champion outfit,Tops,clothing,blocked,,,"BLOCKED third-party IP: Nintendo The Legend of Zelda character costume (Champion's tunic). The reference IS that franchise/brand item; task rules forbid copying recognizable Nintendo/third-party designs, and a generic substitute would not represent this reference. Evidence: item name + source_item_url in this record; icon in input/references/nookipedia/images/clothing/."
239,images/clothing/bottoms/acid_washed_jeans_02f322b646.png,Acid-washed jeans,Bottoms,clothing,built_not_accepted,acid_washed_jeans,c002-bottoms,"wearable: built on the kid rig replica; not accepted for release because the wearable validator self-test has not passed (last run failed one negative case; the redesigned case was never run) and the game has no equip system yet; batch frozen, all gates passed"
240,images/clothing/bottoms/animal_stripes_skirt_15500ae5c2.png,Animal-stripes skirt,Bottoms,clothing,built_not_accepted,animal_stripes_skirt,c002-bottoms,"wearable: built on the kid rig replica; not accepted for release because the wearable validator self-test has not passed (last run failed one negative case; the redesigned case was never run) and the game has no equip system yet; batch frozen, all gates passed"
241,images/clothing/bottoms/apron_skirt_0687c7ad4c.png,Apron skirt,Bottoms,clothing,built_not_accepted,apron_skirt,c002-bottoms,"wearable: built on the kid rig replica; not accepted for release because the wearable validator self-test has not passed (last run failed one negative case; the redesigned case was never run) and the game has no equip system yet; batch frozen, all gates passed"
242,images/clothing/bottoms/athletic_pants_c08db3ffcf.png,Athletic pants,Bottoms,clothing,built_not_accepted,athletic_pants,c002-bottoms,"wearable: built on the kid rig replica; not accepted for release because the wearable validator self-test has not passed (last run failed one negative case; the redesigned case was never run) and the game has no equip system yet; batch frozen, all gates passed"
243,images/clothing/bottoms/athletic_shorts_23a98839c9.png,Athletic shorts,Bottoms,clothing,built_not_accepted,athletic_shorts,c002-bottoms,"wearable: built on the kid rig replica; not accepted for release because the wearable validator self-test has not passed (last run failed one negative case; the redesigned case was never run) and the game has no equip system yet; batch frozen, all gates passed"
244,images/clothing/bottoms/basketball_shorts_0103ec484e.png,Basketball shorts,Bottoms,clothing,built_not_accepted,basketball_shorts,c002-bottoms,"wearable: built on the kid rig replica; not accepted for release because the wearable validator self-test has not passed (last run failed one negative case; the redesigned case was never run) and the game has no equip system yet; batch frozen, all gates passed"
245,images/clothing/bottoms/bell_bottoms_62512c9721.png,Bell-bottoms,Bottoms,clothing,built_not_accepted,bell_bottoms,c002-bottoms,"wearable: built on the kid rig replica; not accepted for release because the wearable validator self-test has not passed (last run failed one negative case; the redesigned case was never run) and the game has no equip system yet; batch frozen, all gates passed"
246,images/clothing/bottoms/belted_wraparound_skirt_10d41ac429.png,Belted wraparound skirt,Bottoms,clothing,built_not_accepted,belted_wraparound_skirt,c002-bottoms,"wearable: built on the kid rig replica; not accepted for release because the wearable validator self-test has not passed (last run failed one negative case; the redesigned case was never run) and the game has no equip system yet; batch frozen, all gates passed"
247,images/clothing/bottoms/boa_shorts_9954ba53e8.png,Boa shorts,Bottoms,clothing,built_not_accepted,boa_shorts,c002-bottoms,"wearable: built on the kid rig replica; not accepted for release because the wearable validator self-test has not passed (last run failed one negative case; the redesigned case was never run) and the game has no equip system yet; batch frozen, all gates passed"
248,images/clothing/bottoms/boa_skirt_b4aa8bac26.png,Boa skirt,Bottoms,clothing,built_not_accepted,boa_skirt,c002-bottoms,"wearable: built on the kid rig replica; not accepted for release because the wearable validator self-test has not passed (last run failed one negative case; the redesigned case was never run) and the game has no equip system yet; batch frozen, all gates passed"
249,images/clothing/bottoms/bomber_style_skirt_7ddc7b0db1.png,Bomber-style skirt,Bottoms,clothing,built_not_accepted,bomber_style_skirt,c002-bottoms,"wearable: built on the kid rig replica; not accepted for release because the wearable validator self-test has not passed (last run failed one negative case; the redesigned case was never run) and the game has no equip system yet; batch frozen, all gates passed"
250,images/clothing/bottoms/botanical_shorts_4804a519c0.png,Botanical shorts,Bottoms,clothing,built_not_accepted,botanical_shorts,c002-bottoms,"wearable: built on the kid rig replica; not accepted for release because the wearable validator self-test has not passed (last run failed one negative case; the redesigned case was never run) and the game has no equip system yet; batch frozen, all gates passed"
251,images/clothing/bottoms/box_pleated_skirt_6fe04455a5.png,Box-pleated skirt,Bottoms,clothing,built_not_accepted,box_pleated_skirt,c002-bottoms,"wearable: built on the kid rig replica; not accepted for release because the wearable validator self-test has not passed (last run failed one negative case; the redesigned case was never run) and the game has no equip system yet; batch frozen, all gates passed"
252,images/clothing/bottoms/buttoned_lace_skirt_08c01846bc.png,Buttoned lace skirt,Bottoms,clothing,built_not_accepted,buttoned_lace_skirt,c002-bottoms,"wearable: built on the kid rig replica; not accepted for release because the wearable validator self-test has not passed (last run failed one negative case; the redesigned case was never run) and the game has no equip system yet; batch frozen, all gates passed"
253,images/clothing/bottoms/buttoned_wraparound_skirt_c298688314.png,Buttoned wraparound skirt,Bottoms,clothing,built_not_accepted,buttoned_wraparound_skirt,c002-bottoms,"wearable: built on the kid rig replica; not accepted for release because the wearable validator self-test has not passed (last run failed one negative case; the redesigned case was never run) and the game has no equip system yet; batch frozen, all gates passed"
254,images/clothing/bottoms/camo_pants_31f7dae629.png,Camo pants,Bottoms,clothing,built_not_accepted,camo_pants,c002-bottoms,"wearable: built on the kid rig replica; not accepted for release because the wearable validator self-test has not passed (last run failed one negative case; the redesigned case was never run) and the game has no equip system yet; batch frozen, all gates passed"
255,images/clothing/bottoms/camo_skirt_311d514cd4.png,Camo skirt,Bottoms,clothing,built_not_accepted,camo_skirt,c002-bottoms,"wearable: built on the kid rig replica; not accepted for release because the wearable validator self-test has not passed (last run failed one negative case; the redesigned case was never run) and the game has no equip system yet; batch frozen, all gates passed"
256,images/clothing/bottoms/career_skirt_6122b32b6a.png,Career skirt,Bottoms,clothing,built_not_accepted,career_skirt,c002-bottoms,"wearable: built on the kid rig replica; not accepted for release because the wearable validator self-test has not passed (last run failed one negative case; the redesigned case was never run) and the game has no equip system yet; batch frozen, all gates passed"
257,images/clothing/bottoms/cargo_pants_11818c764e.png,Cargo pants,Bottoms,clothing,built_not_accepted,cargo_pants,c002-bottoms,"wearable: built on the kid rig replica; not accepted for release because the wearable validator self-test has not passed (last run failed one negative case; the redesigned case was never run) and the game has no equip system yet; batch frozen, all gates passed"
258,images/clothing/bottoms/cargo_shorts_39d2773a6f.png,Cargo shorts,Bottoms,clothing,built_not_accepted,cargo_shorts,c002-bottoms,"wearable: built on the kid rig replica; not accepted for release because the wearable validator self-test has not passed (last run failed one negative case; the redesigned case was never run) and the game has no equip system yet; batch frozen, all gates passed"
259,images/clothing/bottoms/casual_pants_c37ae581cf.png,Casual pants,Bottoms,clothing,built_not_accepted,casual_pants,c002-bottoms,"wearable: built on the kid rig replica; not accepted for release because the wearable validator self-test has not passed (last run failed one negative case; the redesigned case was never run) and the game has no equip system yet; batch frozen, all gates passed"
260,images/clothing/bottoms/chain_pants_ae96d3b3f3.png,Chain pants,Bottoms,clothing,built_not_accepted,chain_pants,c002-bottoms,"wearable: built on the kid rig replica; not accepted for release because the wearable validator self-test has not passed (last run failed one negative case; the redesigned case was never run) and the game has no equip system yet; batch frozen, all gates passed"
261,images/clothing/bottoms/checkered_school_pants_74ef50d27a.png,Checkered school pants,Bottoms,clothing,built_not_accepted,checkered_school_pants,c002-bottoms,"wearable: built on the kid rig replica; not accepted for release because the wearable validator self-test has not passed (last run failed one negative case; the redesigned case was never run) and the game has no equip system yet; batch frozen, all gates passed"
262,images/clothing/bottoms/checkered_school_skirt_dd397bf632.png,Checkered school skirt,Bottoms,clothing,built_not_accepted,checkered_school_skirt,c002-bottoms,"wearable: built on the kid rig replica; not accepted for release because the wearable validator self-test has not passed (last run failed one negative case; the redesigned case was never run) and the game has no equip system yet; batch frozen, all gates passed"
263,images/clothing/bottoms/chino_pants_9ea2e480dc.png,Chino pants,Bottoms,clothing,built_not_accepted,chino_pants,c002-bottoms,"wearable: built on the kid rig replica; not accepted for release because the wearable validator self-test has not passed (last run failed one negative case; the redesigned case was never run) and the game has no equip system yet; batch frozen, all gates passed"
264,images/clothing/bottoms/colorful_skirt_c01abfb468.png,Colorful skirt,Bottoms,clothing,built_not_accepted,colorful_skirt,c002-bottoms,"wearable: built on the kid rig replica; not accepted for release because the wearable validator self-test has not passed (last run failed one negative case; the redesigned case was never run) and the game has no equip system yet; batch frozen, all gates passed"
265,images/clothing/bottoms/comedian_s_pants_b2d2566676.png,Comedian's pants,Bottoms,clothing,built_not_accepted,comedians_pants,c002-bottoms,"wearable: built on the kid rig replica; not accepted for release because the wearable validator self-test has not passed (last run failed one negative case; the redesigned case was never run) and the game has no equip system yet; batch frozen, all gates passed"
266,images/clothing/bottoms/comic_shorts_067a31077d.png,Comic shorts,Bottoms,clothing,built_not_accepted,comic_shorts,c002-bottoms,"wearable: built on the kid rig replica; not accepted for release because the wearable validator self-test has not passed (last run failed one negative case; the redesigned case was never run) and the game has no equip system yet; batch frozen, all gates passed"
267,images/clothing/bottoms/corduroy_pants_d7bad787a5.png,Corduroy pants,Bottoms,clothing,built_not_accepted,corduroy_pants,c002-bottoms,"wearable: built on the kid rig replica; not accepted for release because the wearable validator self-test has not passed (last run failed one negative case; the redesigned case was never run) and the game has no equip system yet; batch frozen, all gates passed"
268,images/clothing/bottoms/corduroy_skirt_95128c71da.png,Corduroy skirt,Bottoms,clothing,built_not_accepted,corduroy_skirt,c002-bottoms,"wearable: built on the kid rig replica; not accepted for release because the wearable validator self-test has not passed (last run failed one negative case; the redesigned case was never run) and the game has no equip system yet; batch frozen, all gates passed"
269,images/clothing/bottoms/corte_skirt_78fcad2650.png,Corte skirt,Bottoms,clothing,built_not_accepted,corte_skirt,c002-bottoms,"wearable: built on the kid rig replica; not accepted for release because the wearable validator self-test has not passed (last run failed one negative case; the redesigned case was never run) and the game has no equip system yet; batch frozen, all gates passed"
270,images/clothing/bottoms/cropped_pants_932372a48b.png,Cropped pants,Bottoms,clothing,built_not_accepted,cropped_pants,c002-bottoms,"wearable: built on the kid rig replica; not accepted for release because the wearable validator self-test has not passed (last run failed one negative case; the redesigned case was never run) and the game has no equip system yet; batch frozen, all gates passed"
271,images/clothing/bottoms/cuffed_pants_0c2a173f9b.png,Cuffed pants,Bottoms,clothing,built_not_accepted,cuffed_pants,c002-bottoms,"wearable: built on the kid rig replica; not accepted for release because the wearable validator self-test has not passed (last run failed one negative case; the redesigned case was never run) and the game has no equip system yet; batch frozen, all gates passed"
272,images/clothing/bottoms/culottes_ca6676bfc7.png,Culottes,Bottoms,clothing,built_not_accepted,culottes,c002-bottoms,"wearable: built on the kid rig replica; not accepted for release because the wearable validator self-test has not passed (last run failed one negative case; the redesigned case was never run) and the game has no equip system yet; batch frozen, all gates passed"
273,images/clothing/bottoms/cut_pleather_skirt_2090da2630.png,Cut-pleather skirt,Bottoms,clothing,built_not_accepted,cut_pleather_skirt,c002-bottoms,"wearable: built on the kid rig replica; not accepted for release because the wearable validator self-test has not passed (last run failed one negative case; the redesigned case was never run) and the game has no equip system yet; batch frozen, all gates passed"
274,images/clothing/bottoms/cycling_shorts_600739ede7.png,Cycling shorts,Bottoms,clothing,built_not_accepted,cycling_shorts,c002-bottoms,"wearable: built on the kid rig replica; not accepted for release because the wearable validator self-test has not passed (last run failed one negative case; the redesigned case was never run) and the game has no equip system yet; batch frozen, all gates passed"
275,images/clothing/bottoms/dance_warm_up_pants_eeb236e24a.png,Dance warm-up pants,Bottoms,clothing,built_not_accepted,dance_warm_up_pants,c002-bottoms,"wearable: built on the kid rig replica; not accepted for release because the wearable validator self-test has not passed (last run failed one negative case; the redesigned case was never run) and the game has no equip system yet; batch frozen, all gates passed"
276,images/clothing/bottoms/denim_cutoffs_6ad9988fa8.png,Denim cutoffs,Bottoms,clothing,built_not_accepted,denim_cutoffs,c002-bottoms,"wearable: built on the kid rig replica; not accepted for release because the wearable validator self-test has not passed (last run failed one negative case; the redesigned case was never run) and the game has no equip system yet; batch frozen, all gates passed"
277,images/clothing/bottoms/denim_painter_s_pants_b512802c08.png,Denim painter's pants,Bottoms,clothing,built_not_accepted,denim_painters_pants,c002-bottoms,"wearable: built on the kid rig replica; not accepted for release because the wearable validator self-test has not passed (last run failed one negative case; the redesigned case was never run) and the game has no equip system yet; batch frozen, all gates passed"
278,images/clothing/bottoms/denim_pants_cd36f93acd.png,Denim pants,Bottoms,clothing,built_not_accepted,denim_pants,c002-bottoms,"wearable: built on the kid rig replica; not accepted for release because the wearable validator self-test has not passed (last run failed one negative case; the redesigned case was never run) and the game has no equip system yet; batch frozen, all gates passed"
279,images/clothing/bottoms/denim_skirt_4e1a1fccbb.png,Denim skirt,Bottoms,clothing,built_not_accepted,denim_skirt,c002-bottoms,"wearable: built on the kid rig replica; not accepted for release because the wearable validator self-test has not passed (last run failed one negative case; the redesigned case was never run) and the game has no equip system yet; batch frozen, all gates passed"
280,images/clothing/bottoms/diaper_b9216f8aef.png,Diaper,Bottoms,clothing,built_not_accepted,diaper,c002-bottoms,"wearable: built on the kid rig replica; not accepted for release because the wearable validator self-test has not passed (last run failed one negative case; the redesigned case was never run) and the game has no equip system yet; batch frozen, all gates passed"
281,images/clothing/bottoms/dotted_shorts_e10668360c.png,Dotted shorts,Bottoms,clothing,built_not_accepted,dotted_shorts,c002-bottoms,"wearable: built on the kid rig replica; not accepted for release because the wearable validator self-test has not passed (last run failed one negative case; the redesigned case was never run) and the game has no equip system yet; batch frozen, all gates passed"
282,images/clothing/bottoms/down_pants_7bc0fad34b.png,Down pants,Bottoms,clothing,built_not_accepted,down_pants,c002-bottoms,"wearable: built on the kid rig replica; not accepted for release because the wearable validator self-test has not passed (last run failed one negative case; the redesigned case was never run) and the game has no equip system yet; batch frozen, all gates passed"
283,images/clothing/bottoms/down_skirt_97ac90045a.png,Down skirt,Bottoms,clothing,built_not_accepted,down_skirt,c002-bottoms,"wearable: built on the kid rig replica; not accepted for release because the wearable validator self-test has not passed (last run failed one negative case; the redesigned case was never run) and the game has no equip system yet; batch frozen, all gates passed"
284,images/clothing/bottoms/draped_skirt_6a2bdc56d1.png,Draped skirt,Bottoms,clothing,built_not_accepted,draped_skirt,c002-bottoms,"wearable: built on the kid rig replica; not accepted for release because the wearable validator self-test has not passed (last run failed one negative case; the redesigned case was never run) and the game has no equip system yet; batch frozen, all gates passed"
285,images/clothing/bottoms/dreamy_pants_fab0968013.png,Dreamy pants,Bottoms,clothing,built_not_accepted,dreamy_pants,c002-bottoms,"wearable: built on the kid rig replica; not accepted for release because the wearable validator self-test has not passed (last run failed one negative case; the redesigned case was never run) and the game has no equip system yet; batch frozen, all gates passed"
286,images/clothing/bottoms/dress_pants_c9127e2c99.png,Dress pants,Bottoms,clothing,built_not_accepted,dress_pants,c002-bottoms,"wearable: built on the kid rig replica; not accepted for release because the wearable validator self-test has not passed (last run failed one negative case; the redesigned case was never run) and the game has no equip system yet; batch frozen, all gates passed"
287,images/clothing/bottoms/elephant_print_pants_9f77621c62.png,Elephant-print pants,Bottoms,clothing,built_not_accepted,elephant_print_pants,c002-bottoms,"wearable: built on the kid rig replica; not accepted for release because the wearable validator self-test has not passed (last run failed one negative case; the redesigned case was never run) and the game has no equip system yet; batch frozen, all gates passed"
288,images/clothing/bottoms/embellished_denim_pants_cac2cb8418.png,Embellished denim pants,Bottoms,clothing,built_not_accepted,embellished_denim_pants,c002-bottoms,"wearable: built on the kid rig replica; not accepted for release because the wearable validator self-test has not passed (last run failed one negative case; the redesigned case was never run) and the game has no equip system yet; batch frozen, all gates passed"
289,images/clothing/dress_up/paradise_planning_maxi_3fb3eeaec3.png,Paradise Planning maxi,Dress-Up,clothing,built_not_accepted,paradise_planning_maxi,c003-dressup,"wearable: built on the kid rig replica; not accepted for release because the wearable validator self-test has not passed (last run failed one negative case; the redesigned case was never run) and the game has no equip system yet; last batch run: gates passed, batch not frozen"
290,images/clothing/dress_up/paradise_planning_dress_a8e427d873.png,Paradise Planning dress,Dress-Up,clothing,built_not_accepted,paradise_planning_dress,c003-dressup,"wearable: built on the kid rig replica; not accepted for release because the wearable validator self-test has not passed (last run failed one negative case; the redesigned case was never run) and the game has no equip system yet; last batch run: gates passed, batch not frozen"
291,images/clothing/dress_up/cozy_paradise_planning_coat_f79f3f10e3.png,Cozy Paradise Planning coat,Dress-Up,clothing,built_not_accepted,cozy_paradise_planning_coat,c003-dressup,wearable: built on the kid rig replica; not accepted for release because the wearable validator self-test has not passed (last run failed one negative case; the redesigned case was never run) and the game has no equip system yet; last batch run: gate failures or incomplete run (builder fix pending a rerun)
292,images/clothing/dress_up/paradise_planning_muumuu_b11b86a228.png,Paradise Planning muumuu,Dress-Up,clothing,built_not_accepted,paradise_planning_muumuu,c003-dressup,"wearable: built on the kid rig replica; not accepted for release because the wearable validator self-test has not passed (last run failed one negative case; the redesigned case was never run) and the game has no equip system yet; last batch run: gates passed, batch not frozen"
293,images/clothing/dress_up/academy_uniform_9c3765cef4.png,Academy uniform,Dress-Up,clothing,built_not_accepted,academy_uniform,c003-dressup,"wearable: built on the kid rig replica; not accepted for release because the wearable validator self-test has not passed (last run failed one negative case; the redesigned case was never run) and the game has no equip system yet; last batch run: gates passed, batch not frozen"
294,images/clothing/dress_up/adventure_dress_b6de41d528.png,Adventure dress,Dress-Up,clothing,built_not_accepted,adventure_dress,c003-dressup,"wearable: built on the kid rig replica; not accepted for release because the wearable validator self-test has not passed (last run failed one negative case; the redesigned case was never run) and the game has no equip system yet; last batch run: gates passed, batch not frozen"
295,images/clothing/dress_up/alpinist_dress_224e4e732e.png,Alpinist dress,Dress-Up,clothing,built_not_accepted,alpinist_dress,c003-dressup,"wearable: built on the kid rig replica; not accepted for release because the wearable validator self-test has not passed (last run failed one negative case; the redesigned case was never run) and the game has no equip system yet; last batch run: gates passed, batch not frozen"
296,images/clothing/dress_up/alpinist_overalls_3cbc8eee9c.png,Alpinist overalls,Dress-Up,clothing,built_not_accepted,alpinist_overalls,c003-dressup,"wearable: built on the kid rig replica; not accepted for release because the wearable validator self-test has not passed (last run failed one negative case; the redesigned case was never run) and the game has no equip system yet; last batch run: gates passed, batch not frozen"
297,images/clothing/dress_up/ancient_belted_robe_a252858c69.png,Ancient belted robe,Dress-Up,clothing,built_not_accepted,ancient_belted_robe,c003-dressup,"wearable: built on the kid rig replica; not accepted for release because the wearable validator self-test has not passed (last run failed one negative case; the redesigned case was never run) and the game has no equip system yet; last batch run: gates passed, batch not frozen"
298,images/clothing/dress_up/ancient_princess_costume_b87445654b.png,Ancient princess costume,Dress-Up,clothing,built_not_accepted,ancient_princess_costume,c003-dressup,"wearable: built on the kid rig replica; not accepted for release because the wearable validator self-test has not passed (last run failed one negative case; the redesigned case was never run) and the game has no equip system yet; last batch run: gates passed, batch not frozen"
299,images/clothing/dress_up/ancient_sashed_robe_1aa106214a.png,Ancient sashed robe,Dress-Up,clothing,built_not_accepted,ancient_sashed_robe,c003-dressup,"wearable: built on the kid rig replica; not accepted for release because the wearable validator self-test has not passed (last run failed one negative case; the redesigned case was never run) and the game has no equip system yet; last batch run: gates passed, batch not frozen"
300,images/clothing/dress_up/o_d_i_01c6aad6ac.png,Áo dài,Dress-Up,clothing,built_not_accepted,ao_dai,c003-dressup,"wearable: built on the kid rig replica; not accepted for release because the wearable validator self-test has not passed (last run failed one negative case; the redesigned case was never run) and the game has no equip system yet; last batch run: gates passed, batch not frozen"
301,images/clothing/dress_up/apple_dress_88d54657d5.png,Apple dress,Dress-Up,clothing,built_not_accepted,apple_dress,c003-dressup,"wearable: built on the kid rig replica; not accepted for release because the wearable validator self-test has not passed (last run failed one negative case; the redesigned case was never run) and the game has no equip system yet; last batch run: gates passed, batch not frozen"
302,images/clothing/dress_up/astro_dress_fa85024440.png,Astro dress,Dress-Up,clothing,built_not_accepted,astro_dress,c003-dressup,"wearable: built on the kid rig replica; not accepted for release because the wearable validator self-test has not passed (last run failed one negative case; the redesigned case was never run) and the game has no equip system yet; last batch run: gates passed, batch not frozen"
303,images/clothing/dress_up/athletic_outfit_f0d84fd622.png,Athletic outfit,Dress-Up,clothing,built_not_accepted,athletic_outfit,c003-dressup,"wearable: built on the kid rig replica; not accepted for release because the wearable validator self-test has not passed (last run failed one negative case; the redesigned case was never run) and the game has no equip system yet; last batch run: gates passed, batch not frozen"
304,images/clothing/dress_up/attus_robe_c5540a83cc.png,Attus robe,Dress-Up,clothing,built_not_accepted,attus_robe,c003-dressup,"wearable: built on the kid rig replica; not accepted for release because the wearable validator self-test has not passed (last run failed one negative case; the redesigned case was never run) and the game has no equip system yet; last batch run: gates passed, batch not frozen"
305,images/clothing/dress_up/baby_chick_costume_16f8abcc49.png,Baby-chick costume,Dress-Up,clothing,built_not_accepted,baby_chick_costume,c003-dressup,"wearable: built on the kid rig replica; not accepted for release because the wearable validator self-test has not passed (last run failed one negative case; the redesigned case was never run) and the game has no equip system yet; last batch run: gates passed, batch not frozen"
306,images/clothing/dress_up/baby_romper_9eb903f7fb.png,Baby romper,Dress-Up,clothing,built_not_accepted,baby_romper,c003-dressup,"wearable: built on the kid rig replica; not accepted for release because the wearable validator self-test has not passed (last run failed one negative case; the redesigned case was never run) and the game has no equip system yet; last batch run: gates passed, batch not frozen"
307,images/clothing/dress_up/baji_jeogori_8c114065aa.png,Baji jeogori,Dress-Up,clothing,built_not_accepted,baji_jeogori,c003-dressup,"wearable: built on the kid rig replica; not accepted for release because the wearable validator self-test has not passed (last run failed one negative case; the redesigned case was never run) and the game has no equip system yet; last batch run: gates passed, batch not frozen"
308,images/clothing/dress_up/ballet_outfit_9fb6f3b550.png,Ballet outfit,Dress-Up,clothing,built_not_accepted,ballet_outfit,c003-dressup,"wearable: built on the kid rig replica; not accepted for release because the wearable validator self-test has not passed (last run failed one negative case; the redesigned case was never run) and the game has no equip system yet; last batch run: gates passed, batch not frozen"
309,images/clothing/dress_up/balmacaan_coat_b63187da78.png,Balmacaan coat,Dress-Up,clothing,built_not_accepted,balmacaan_coat,c003-dressup,"wearable: built on the kid rig replica; not accepted for release because the wearable validator self-test has not passed (last run failed one negative case; the redesigned case was never run) and the game has no equip system yet; last batch run: gates passed, batch not frozen"
310,images/clothing/dress_up/baseball_uniform_8d5f356611.png,Baseball uniform,Dress-Up,clothing,built_not_accepted,baseball_uniform,c003-dressup,"wearable: built on the kid rig replica; not accepted for release because the wearable validator self-test has not passed (last run failed one negative case; the redesigned case was never run) and the game has no equip system yet; last batch run: gates passed, batch not frozen"
311,images/clothing/dress_up/bath_towel_wrap_3b256374b0.png,Bath-towel wrap,Dress-Up,clothing,built_not_accepted,bath_towel_wrap,c003-dressup,"wearable: built on the kid rig replica; not accepted for release because the wearable validator self-test has not passed (last run failed one negative case; the redesigned case was never run) and the game has no equip system yet; last batch run: gates passed, batch not frozen"
312,images/clothing/dress_up/bathrobe_92226594bc.png,Bathrobe,Dress-Up,clothing,built_not_accepted,bathrobe,c003-dressup,"wearable: built on the kid rig replica; not accepted for release because the wearable validator self-test has not passed (last run failed one negative case; the redesigned case was never run) and the game has no equip system yet; last batch run: gates passed, batch not frozen"
313,images/clothing/dress_up/bear_costume_5b47a00a7a.png,Bear costume,Dress-Up,clothing,built_not_accepted,bear_costume,c003-dressup,"wearable: built on the kid rig replica; not accepted for release because the wearable validator self-test has not passed (last run failed one negative case; the redesigned case was never run) and the game has no equip system yet; last batch run: gates passed, batch not frozen"
314,images/clothing/dress_up/bekasab_robe_ca1328d133.png,Bekasab robe,Dress-Up,clothing,built_not_accepted,bekasab_robe,c003-dressup,wearable: built on the kid rig replica; not accepted for release because the wearable validator self-test has not passed (last run failed one negative case; the redesigned case was never run) and the game has no equip system yet; last batch run: gate failures or incomplete run (builder fix pending a rerun)
315,images/clothing/dress_up/belted_dotted_dress_54f7586e02.png,Belted dotted dress,Dress-Up,clothing,built_not_accepted,belted_dotted_dress,c003-dressup,"wearable: built on the kid rig replica; not accepted for release because the wearable validator self-test has not passed (last run failed one negative case; the redesigned case was never run) and the game has no equip system yet; last batch run: gates passed, batch not frozen"
316,images/clothing/dress_up/bingata_dress_6cafe5bc46.png,Bingata dress,Dress-Up,clothing,built_not_accepted,bingata_dress,c003-dressup,"wearable: built on the kid rig replica; not accepted for release because the wearable validator self-test has not passed (last run failed one negative case; the redesigned case was never run) and the game has no equip system yet; last batch run: gates passed, batch not frozen"
317,images/clothing/dress_up/blossom_dress_57741d7332.png,Blossom dress,Dress-Up,clothing,built_not_accepted,blossom_dress,c003-dressup,"wearable: built on the kid rig replica; not accepted for release because the wearable validator self-test has not passed (last run failed one negative case; the redesigned case was never run) and the game has no equip system yet; last batch run: gates passed, batch not frozen"
318,images/clothing/dress_up/blossoming_kimono_577b97e17c.png,Blossoming kimono,Dress-Up,clothing,built_not_accepted,blossoming_kimono,c003-dressup,"wearable: built on the kid rig replica; not accepted for release because the wearable validator self-test has not passed (last run failed one negative case; the redesigned case was never run) and the game has no equip system yet; last batch run: gates passed, batch not frozen"
319,images/clothing/dress_up/boa_parka_efc05bb458.png,Boa parka,Dress-Up,clothing,built_not_accepted,boa_parka,c003-dressup,"wearable: built on the kid rig replica; not accepted for release because the wearable validator self-test has not passed (last run failed one negative case; the redesigned case was never run) and the game has no equip system yet; last batch run: gates passed, batch not frozen"
320,images/clothing/dress_up/bohemian_tunic_dress_b90df78e4b.png,Bohemian tunic dress,Dress-Up,clothing,built_not_accepted,bohemian_tunic_dress,c003-dressup,"wearable: built on the kid rig replica; not accepted for release because the wearable validator self-test has not passed (last run failed one negative case; the redesigned case was never run) and the game has no equip system yet; last batch run: gates passed, batch not frozen"
321,images/clothing/dress_up/bold_muumuu_1479624171.png,Bold muumuu,Dress-Up,clothing,built_not_accepted,bold_muumuu,c003-dressup,"wearable: built on the kid rig replica; not accepted for release because the wearable validator self-test has not passed (last run failed one negative case; the redesigned case was never run) and the game has no equip system yet; last batch run: gates passed, batch not frozen"
322,images/clothing/dress_up/bolero_coat_60cfca2cee.png,Bolero coat,Dress-Up,clothing,built_not_accepted,bolero_coat,c003-dressup,"wearable: built on the kid rig replica; not accepted for release because the wearable validator self-test has not passed (last run failed one negative case; the redesigned case was never run) and the game has no equip system yet; last batch run: gates passed, batch not frozen"
323,images/clothing/dress_up/bone_costume_a6fb1504bf.png,Bone costume,Dress-Up,clothing,built_not_accepted,bone_costume,c003-dressup,"wearable: built on the kid rig replica; not accepted for release because the wearable validator self-test has not passed (last run failed one negative case; the redesigned case was never run) and the game has no equip system yet; last batch run: gates passed, batch not frozen"
324,images/clothing/dress_up/box_skirt_uniform_dd96ad976a.png,Box-skirt uniform,Dress-Up,clothing,built_not_accepted,box_skirt_uniform,c003-dressup,"wearable: built on the kid rig replica; not accepted for release because the wearable validator self-test has not passed (last run failed one negative case; the redesigned case was never run) and the game has no equip system yet; last batch run: gates passed, batch not frozen"
325,images/clothing/dress_up/bubble_skirt_party_dress_efc94c702d.png,Bubble-skirt party dress,Dress-Up,clothing,built_not_accepted,bubble_skirt_party_dress,c003-dressup,"wearable: built on the kid rig replica; not accepted for release because the wearable validator self-test has not passed (last run failed one negative case; the redesigned case was never run) and the game has no equip system yet; last batch run: gates passed, batch not frozen"
326,images/clothing/dress_up/bunny_dress_06c7a67d2a.png,Bunny dress,Dress-Up,clothing,built_not_accepted,bunny_dress,c003-dressup,"wearable: built on the kid rig replica; not accepted for release because the wearable validator self-test has not passed (last run failed one negative case; the redesigned case was never run) and the game has no equip system yet; last batch run: gates passed, batch not frozen"
327,images/clothing/dress_up/butterfly_visiting_kimono_c8ed73a21a.png,Butterfly visiting kimono,Dress-Up,clothing,built_not_accepted,butterfly_visiting_kimono,c003-dressup,"wearable: built on the kid rig replica; not accepted for release because the wearable validator self-test has not passed (last run failed one negative case; the redesigned case was never run) and the game has no equip system yet; last batch run: gates passed, batch not frozen"
328,images/clothing/dress_up/caf_uniform_dress_acd15c4b91.png,Café-uniform dress,Dress-Up,clothing,built_not_accepted,cafe_uniform_dress,c003-dressup,"wearable: built on the kid rig replica; not accepted for release because the wearable validator self-test has not passed (last run failed one negative case; the redesigned case was never run) and the game has no equip system yet; last batch run: gates passed, batch not frozen"
329,images/clothing/dress_up/casual_chic_dress_4e626b7e64.png,Casual chic dress,Dress-Up,clothing,built_not_accepted,casual_chic_dress,c003-dressup,"wearable: built on the kid rig replica; not accepted for release because the wearable validator self-test has not passed (last run failed one negative case; the redesigned case was never run) and the game has no equip system yet; last batch run: gates passed, batch not frozen"
330,images/clothing/dress_up/casual_kimono_a0f8d4c6d8.png,Casual kimono,Dress-Up,clothing,built_not_accepted,casual_kimono,c003-dressup,"wearable: built on the kid rig replica; not accepted for release because the wearable validator self-test has not passed (last run failed one negative case; the redesigned case was never run) and the game has no equip system yet; last batch run: gates passed, batch not frozen"
331,images/clothing/dress_up/cat_dress_84df5024fa.png,Cat dress,Dress-Up,clothing,built_not_accepted,cat_dress,c003-dressup,"wearable: built on the kid rig replica; not accepted for release because the wearable validator self-test has not passed (last run failed one negative case; the redesigned case was never run) and the game has no equip system yet; last batch run: gates passed, batch not frozen"
332,images/clothing/dress_up/caterpillar_costume_c66873f8cb.png,Caterpillar costume,Dress-Up,clothing,built_not_accepted,caterpillar_costume,c003-dressup,"wearable: built on the kid rig replica; not accepted for release because the wearable validator self-test has not passed (last run failed one negative case; the redesigned case was never run) and the game has no equip system yet; last batch run: gates passed, batch not frozen"
333,images/clothing/dress_up/caveman_tank_425e1f1866.png,Caveman tank,Dress-Up,clothing,built_not_accepted,caveman_tank,c003-dressup,"wearable: built on the kid rig replica; not accepted for release because the wearable validator self-test has not passed (last run failed one negative case; the redesigned case was never run) and the game has no equip system yet; last batch run: gates passed, batch not frozen"
334,images/clothing/dress_up/checkered_jumper_dress_cc0d85dd8a.png,Checkered jumper dress,Dress-Up,clothing,built_not_accepted,checkered_jumper_dress,c003-dressup,"wearable: built on the kid rig replica; not accepted for release because the wearable validator self-test has not passed (last run failed one negative case; the redesigned case was never run) and the game has no equip system yet; last batch run: gates passed, batch not frozen"
335,images/clothing/dress_up/cheerleading_uniform_70b9829b51.png,Cheerleading uniform,Dress-Up,clothing,built_not_accepted,cheerleading_uniform,c003-dressup,"wearable: built on the kid rig replica; not accepted for release because the wearable validator self-test has not passed (last run failed one negative case; the redesigned case was never run) and the game has no equip system yet; last batch run: gates passed, batch not frozen"
336,images/clothing/dress_up/cherry_dress_beeaff23bd.png,Cherry dress,Dress-Up,clothing,built_not_accepted,cherry_dress,c003-dressup,"wearable: built on the kid rig replica; not accepted for release because the wearable validator self-test has not passed (last run failed one negative case; the redesigned case was never run) and the game has no equip system yet; last batch run: gates passed, batch not frozen"
337,images/clothing/dress_up/chic_tuxedo_dress_d515bc8775.png,Chic tuxedo dress,Dress-Up,clothing,built_not_accepted,chic_tuxedo_dress,c003-dressup,"wearable: built on the kid rig replica; not accepted for release because the wearable validator self-test has not passed (last run failed one negative case; the redesigned case was never run) and the game has no equip system yet; last batch run: gates passed, batch not frozen"
338,images/clothing/dress_up/chima_jeogori_0aece0eb26.png,Chima jeogori,Dress-Up,clothing,built_not_accepted,chima_jeogori,c003-dressup,"wearable: built on the kid rig replica; not accepted for release because the wearable validator self-test has not passed (last run failed one negative case; the redesigned case was never run) and the game has no equip system yet; last batch run: gates passed, batch not frozen"
339,images/clothing/headwear/acorn_knit_cap_c26cbec909.png,Acorn knit cap,Headwear,clothing,built_not_accepted,acorn_knit_cap,c004-headwear,"wearable: built on the kid rig replica; not accepted for release because the wearable validator self-test has not passed (last run failed one negative case; the redesigned case was never run) and the game has no equip system yet; last batch run: gates passed, batch not frozen"
340,images/clothing/headwear/alpinist_hat_3778d5b714.png,Alpinist hat,Headwear,clothing,built_not_accepted,alpinist_hat,c004-headwear,"wearable: built on the kid rig replica; not accepted for release because the wearable validator self-test has not passed (last run failed one negative case; the redesigned case was never run) and the game has no equip system yet; last batch run: gates passed, batch not frozen"
341,images/clothing/headwear/ancient_administrator_hat_3118c97d1f.png,Ancient administrator hat,Headwear,clothing,built_not_accepted,ancient_administrator_hat,c004-headwear,"wearable: built on the kid rig replica; not accepted for release because the wearable validator self-test has not passed (last run failed one negative case; the redesigned case was never run) and the game has no equip system yet; last batch run: gates passed, batch not frozen"
342,images/clothing/headwear/ancient_princess_wig_f59b5d2a1f.png,Ancient princess wig,Headwear,clothing,built_not_accepted,ancient_princess_wig,c004-headwear,wearable: built on the kid rig replica; not accepted for release because the wearable validator self-test has not passed (last run failed one negative case; the redesigned case was never run) and the game has no equip system yet; last batch run: gate failures or incomplete run (builder fix pending a rerun)
343,images/clothing/headwear/apple_hat_b3f38db701.png,Apple hat,Headwear,clothing,built_not_accepted,apple_hat,c004-headwear,"wearable: built on the kid rig replica; not accepted for release because the wearable validator self-test has not passed (last run failed one negative case; the redesigned case was never run) and the game has no equip system yet; last batch run: gates passed, batch not frozen"
344,images/clothing/headwear/aran_knit_cap_5e01e34bcc.png,Aran-knit cap,Headwear,clothing,built_not_accepted,aran_knit_cap,c004-headwear,"wearable: built on the kid rig replica; not accepted for release because the wearable validator self-test has not passed (last run failed one negative case; the redesigned case was never run) and the game has no equip system yet; last batch run: gates passed, batch not frozen"
345,images/clothing/headwear/baby_s_hat_f257424677.png,Baby's hat,Headwear,clothing,built_not_accepted,babys_hat,c004-headwear,"wearable: built on the kid rig replica; not accepted for release because the wearable validator self-test has not passed (last run failed one negative case; the redesigned case was never run) and the game has no equip system yet; last batch run: gates passed, batch not frozen"
346,images/clothing/headwear/balloon_hat_26524ff6ac.png,Balloon hat,Headwear,clothing,built_not_accepted,balloon_hat,c004-headwear,"wearable: built on the kid rig replica; not accepted for release because the wearable validator self-test has not passed (last run failed one negative case; the redesigned case was never run) and the game has no equip system yet; last batch run: gates passed, batch not frozen"
347,images/clothing/headwear/bamboo_hat_9eed43ccf3.png,Bamboo hat,Headwear,clothing,built_not_accepted,bamboo_hat,c004-headwear,"wearable: built on the kid rig replica; not accepted for release because the wearable validator self-test has not passed (last run failed one negative case; the redesigned case was never run) and the game has no equip system yet; last batch run: gates passed, batch not frozen"
348,images/clothing/headwear/barrette_a01bdb223d.png,Barrette,Headwear,clothing,built_not_accepted,barrette,c004-headwear,"wearable: built on the kid rig replica; not accepted for release because the wearable validator self-test has not passed (last run failed one negative case; the redesigned case was never run) and the game has no equip system yet; last batch run: gates passed, batch not frozen"
349,images/clothing/headwear/baseball_cap_55558167bd.png,Baseball cap,Headwear,clothing,built_not_accepted,baseball_cap,c004-headwear,"wearable: built on the kid rig replica; not accepted for release because the wearable validator self-test has not passed (last run failed one negative case; the redesigned case was never run) and the game has no equip system yet; last batch run: gates passed, batch not frozen"
350,images/clothing/headwear/batter_s_helmet_04224fab9f.png,Batter's helmet,Headwear,clothing,built_not_accepted,batters_helmet,c004-headwear,"wearable: built on the kid rig replica; not accepted for release because the wearable validator self-test has not passed (last run failed one negative case; the redesigned case was never run) and the game has no equip system yet; last batch run: gates passed, batch not frozen"
351,images/clothing/headwear/bear_cap_1d7e6fe10f.png,Bear cap,Headwear,clothing,built_not_accepted,bear_cap,c004-headwear,"wearable: built on the kid rig replica; not accepted for release because the wearable validator self-test has not passed (last run failed one negative case; the redesigned case was never run) and the game has no equip system yet; last batch run: gates passed, batch not frozen"
352,images/clothing/headwear/beret_f0e6174e28.png,Beret,Headwear,clothing,built_not_accepted,beret,c004-headwear,"wearable: built on the kid rig replica; not accepted for release because the wearable validator self-test has not passed (last run failed one negative case; the redesigned case was never run) and the game has no equip system yet; last batch run: gates passed, batch not frozen"
353,images/clothing/headwear/bicycle_helmet_b220bbd627.png,Bicycle helmet,Headwear,clothing,built_not_accepted,bicycle_helmet,c004-headwear,"wearable: built on the kid rig replica; not accepted for release because the wearable validator self-test has not passed (last run failed one negative case; the redesigned case was never run) and the game has no equip system yet; last batch run: gates passed, batch not frozen"
354,images/clothing/headwear/birthday_hat_58bd80afb7.png,Birthday hat,Headwear,clothing,built_not_accepted,birthday_hat,c004-headwear,"wearable: built on the kid rig replica; not accepted for release because the wearable validator self-test has not passed (last run failed one negative case; the redesigned case was never run) and the game has no equip system yet; last batch run: gates passed, batch not frozen"
355,images/clothing/headwear/blue_rose_crown_add5456ecc.png,Blue rose crown,Headwear,clothing,built_not_accepted,blue_rose_crown,c004-headwear,"wearable: built on the kid rig replica; not accepted for release because the wearable validator self-test has not passed (last run failed one negative case; the redesigned case was never run) and the game has no equip system yet; last batch run: gates passed, batch not frozen"
356,images/clothing/headwear/bowler_hat_with_ribbon_c30fdbf43c.png,Bowler hat with ribbon,Headwear,clothing,built_not_accepted,bowler_hat_with_ribbon,c004-headwear,"wearable: built on the kid rig replica; not accepted for release because the wearable validator self-test has not passed (last run failed one negative case; the redesigned case was never run) and the game has no equip system yet; last batch run: gates passed, batch not frozen"
357,images/clothing/headwear/bridal_veil_773998d875.png,Bridal veil,Headwear,clothing,built_not_accepted,bridal_veil,c004-headwear,"wearable: built on the kid rig replica; not accepted for release because the wearable validator self-test has not passed (last run failed one negative case; the redesigned case was never run) and the game has no equip system yet; last batch run: gates passed, batch not frozen"
358,images/clothing/headwear/bulb_bopper_da56733641.png,Bulb bopper,Headwear,clothing,built_not_accepted,bulb_bopper,c004-headwear,wearable: built on the kid rig replica; not accepted for release because the wearable validator self-test has not passed (last run failed one negative case; the redesigned case was never run) and the game has no equip system yet; last batch run: gate failures or incomplete run (builder fix pending a rerun)
359,images/clothing/headwear/bun_wig_0a761a88ae.png,Bun wig,Headwear,clothing,built_not_accepted,bun_wig,c004-headwear,wearable: built on the kid rig replica; not accepted for release because the wearable validator self-test has not passed (last run failed one negative case; the redesigned case was never run) and the game has no equip system yet; last batch run: gate failures or incomplete run (builder fix pending a rerun)
360,images/clothing/headwear/bunny_day_crown_2ade7d124c.png,Bunny Day crown,Headwear,clothing,built_not_accepted,bunny_day_crown,c004-headwear,"wearable: built on the kid rig replica; not accepted for release because the wearable validator self-test has not passed (last run failed one negative case; the redesigned case was never run) and the game has no equip system yet; last batch run: gates passed, batch not frozen"
361,images/clothing/headwear/bunny_ears_5a85939e2a.png,Bunny ears,Headwear,clothing,built_not_accepted,bunny_ears,c004-headwear,wearable: built on the kid rig replica; not accepted for release because the wearable validator self-test has not passed (last run failed one negative case; the redesigned case was never run) and the game has no equip system yet; last batch run: gate failures or incomplete run (builder fix pending a rerun)
362,images/clothing/headwear/bunny_hood_98cd9ea84a.png,Bunny hood,Headwear,clothing,built_not_accepted,bunny_hood,c004-headwear,wearable: built on the kid rig replica; not accepted for release because the wearable validator self-test has not passed (last run failed one negative case; the redesigned case was never run) and the game has no equip system yet; last batch run: gate failures or incomplete run (builder fix pending a rerun)
363,images/clothing/headwear/captain_s_hat_dc09638eaa.png,Captain's hat,Headwear,clothing,built_not_accepted,captains_hat,c004-headwear,"wearable: built on the kid rig replica; not accepted for release because the wearable validator self-test has not passed (last run failed one negative case; the redesigned case was never run) and the game has no equip system yet; last batch run: gates passed, batch not frozen"
364,images/clothing/headwear/cat_cap_2e33d4007f.png,Cat cap,Headwear,clothing,built_not_accepted,cat_cap,c004-headwear,wearable: built on the kid rig replica; not accepted for release because the wearable validator self-test has not passed (last run failed one negative case; the redesigned case was never run) and the game has no equip system yet; last batch run: gate failures or incomplete run (builder fix pending a rerun)
365,images/clothing/headwear/catcher_s_mask_8c2b2054ad.png,Catcher's mask,Headwear,clothing,built_not_accepted,catchers_mask,c004-headwear,"wearable: built on the kid rig replica; not accepted for release because the wearable validator self-test has not passed (last run failed one negative case; the redesigned case was never run) and the game has no equip system yet; last batch run: gates passed, batch not frozen"
366,images/clothing/headwear/cavalier_hat_4948f80941.png,Cavalier hat,Headwear,clothing,built_not_accepted,cavalier_hat,c004-headwear,"wearable: built on the kid rig replica; not accepted for release because the wearable validator self-test has not passed (last run failed one negative case; the redesigned case was never run) and the game has no equip system yet; last batch run: gates passed, batch not frozen"
367,images/clothing/headwear/champion_wig_9ae6a3d05b.png,Champion wig,Headwear,clothing,blocked,,,"BLOCKED third-party IP: Nintendo The Legend of Zelda character hairstyle (Link). The reference IS that franchise/brand item; task rules forbid copying recognizable Nintendo/third-party designs, and a generic substitute would not represent this reference. Evidence: item name + source_item_url in this record; icon in input/references/nookipedia/images/clothing/."
368,images/clothing/headwear/chef_s_hat_8a265a847b.png,Chef's hat,Headwear,clothing,built_not_accepted,chefs_hat,c004-headwear,"wearable: built on the kid rig replica; not accepted for release because the wearable validator self-test has not passed (last run failed one negative case; the redesigned case was never run) and the game has no equip system yet; last batch run: gates passed, batch not frozen"
369,images/clothing/headwear/cherry_hat_a5ba3f18fe.png,Cherry hat,Headwear,clothing,built_not_accepted,cherry_hat,c004-headwear,"wearable: built on the kid rig replica; not accepted for release because the wearable validator self-test has not passed (last run failed one negative case; the redesigned case was never run) and the game has no equip system yet; last batch run: gates passed, batch not frozen"
370,images/clothing/headwear/chic_mum_crown_d47869339f.png,Chic mum crown,Headwear,clothing,built_not_accepted,chic_mum_crown,c004-headwear,"wearable: built on the kid rig replica; not accepted for release because the wearable validator self-test has not passed (last run failed one negative case; the redesigned case was never run) and the game has no equip system yet; last batch run: gates passed, batch not frozen"
371,images/clothing/headwear/chic_rose_crown_ac3d56337e.png,Chic rose crown,Headwear,clothing,built_not_accepted,chic_rose_crown,c004-headwear,"wearable: built on the kid rig replica; not accepted for release because the wearable validator self-test has not passed (last run failed one negative case; the redesigned case was never run) and the game has no equip system yet; last batch run: gates passed, batch not frozen"
372,images/clothing/headwear/chic_tulip_crown_b150feda9b.png,Chic tulip crown,Headwear,clothing,built_not_accepted,chic_tulip_crown,c004-headwear,"wearable: built on the kid rig replica; not accepted for release because the wearable validator self-test has not passed (last run failed one negative case; the redesigned case was never run) and the game has no equip system yet; last batch run: gates passed, batch not frozen"
373,images/clothing/headwear/cinnamoroll_hat_826dc178ad.png,Cinnamoroll hat,Headwear,clothing,blocked,,,"BLOCKED third-party IP: Sanrio character Cinnamoroll collaboration item. The reference IS that franchise/brand item; task rules forbid copying recognizable Nintendo/third-party designs, and a generic substitute would not represent this reference. Evidence: item name + source_item_url in this record; icon in input/references/nookipedia/images/clothing/."
374,images/clothing/headwear/coin_headpiece_910299f905.png,Coin headpiece,Headwear,clothing,built_not_accepted,coin_headpiece,c004-headwear,"wearable: built on the kid rig replica; not accepted for release because the wearable validator self-test has not passed (last run failed one negative case; the redesigned case was never run) and the game has no equip system yet; last batch run: gates passed, batch not frozen"
375,images/clothing/headwear/colorful_striped_knit_cap_9999d72719.png,Colorful striped knit cap,Headwear,clothing,built_not_accepted,colorful_striped_knit_cap,c004-headwear,"wearable: built on the kid rig replica; not accepted for release because the wearable validator self-test has not passed (last run failed one negative case; the redesigned case was never run) and the game has no equip system yet; last batch run: gates passed, batch not frozen"
376,images/clothing/headwear/combat_helmet_278c946415.png,Combat helmet,Headwear,clothing,built_not_accepted,combat_helmet,c004-headwear,"wearable: built on the kid rig replica; not accepted for release because the wearable validator self-test has not passed (last run failed one negative case; the redesigned case was never run) and the game has no equip system yet; last batch run: gates passed, batch not frozen"
377,images/clothing/headwear/composer_s_wig_1fb7721d01.png,Composer's wig,Headwear,clothing,built_not_accepted,composers_wig,c004-headwear,wearable: built on the kid rig replica; not accepted for release because the wearable validator self-test has not passed (last run failed one negative case; the redesigned case was never run) and the game has no equip system yet; last batch run: gate failures or incomplete run (builder fix pending a rerun)
378,images/clothing/headwear/conductor_s_cap_6d37f04b31.png,Conductor's cap,Headwear,clothing,built_not_accepted,conductors_cap,c004-headwear,"wearable: built on the kid rig replica; not accepted for release because the wearable validator self-test has not passed (last run failed one negative case; the redesigned case was never run) and the game has no equip system yet; last batch run: gates passed, batch not frozen"
379,images/clothing/headwear/cook_cap_with_logo_9f8c73bfa8.png,Cook cap with logo,Headwear,clothing,built_not_accepted,cook_cap_with_logo,c004-headwear,"wearable: built on the kid rig replica; not accepted for release because the wearable validator self-test has not passed (last run failed one negative case; the redesigned case was never run) and the game has no equip system yet; last batch run: gates passed, batch not frozen"
380,images/clothing/headwear/cool_hyacinth_crown_420bf98640.png,Cool hyacinth crown,Headwear,clothing,built_not_accepted,cool_hyacinth_crown,c004-headwear,"wearable: built on the kid rig replica; not accepted for release because the wearable validator self-test has not passed (last run failed one negative case; the redesigned case was never run) and the game has no equip system yet; last batch run: gates passed, batch not frozen"
381,images/clothing/headwear/cool_pansy_crown_bb539a7b55.png,Cool pansy crown,Headwear,clothing,built_not_accepted,cool_pansy_crown,c004-headwear,"wearable: built on the kid rig replica; not accepted for release because the wearable validator self-test has not passed (last run failed one negative case; the redesigned case was never run) and the game has no equip system yet; last batch run: gates passed, batch not frozen"
382,images/clothing/headwear/cool_windflower_crown_4eb915da00.png,Cool windflower crown,Headwear,clothing,built_not_accepted,cool_windflower_crown,c004-headwear,"wearable: built on the kid rig replica; not accepted for release because the wearable validator self-test has not passed (last run failed one negative case; the redesigned case was never run) and the game has no equip system yet; last batch run: gates passed, batch not frozen"
383,images/clothing/headwear/cosmos_crown_91ce396f0c.png,Cosmos crown,Headwear,clothing,built_not_accepted,cosmos_crown,c004-headwear,"wearable: built on the kid rig replica; not accepted for release because the wearable validator self-test has not passed (last run failed one negative case; the redesigned case was never run) and the game has no equip system yet; last batch run: gates passed, batch not frozen"
384,images/clothing/headwear/crown_0e0e97d4f6.png,Crown,Headwear,clothing,built_not_accepted,crown,c004-headwear,"wearable: built on the kid rig replica; not accepted for release because the wearable validator self-test has not passed (last run failed one negative case; the redesigned case was never run) and the game has no equip system yet; last batch run: gates passed, batch not frozen"
385,images/clothing/headwear/cute_lily_crown_d8f51a7031.png,Cute lily crown,Headwear,clothing,built_not_accepted,cute_lily_crown,c004-headwear,"wearable: built on the kid rig replica; not accepted for release because the wearable validator self-test has not passed (last run failed one negative case; the redesigned case was never run) and the game has no equip system yet; last batch run: gates passed, batch not frozen"
386,images/clothing/headwear/cute_rose_crown_5d9de63e1d.png,Cute rose crown,Headwear,clothing,built_not_accepted,cute_rose_crown,c004-headwear,"wearable: built on the kid rig replica; not accepted for release because the wearable validator self-test has not passed (last run failed one negative case; the redesigned case was never run) and the game has no equip system yet; last batch run: gates passed, batch not frozen"
387,images/clothing/headwear/cycling_cap_ad59fb19f5.png,Cycling cap,Headwear,clothing,built_not_accepted,cycling_cap,c004-headwear,"wearable: built on the kid rig replica; not accepted for release because the wearable validator self-test has not passed (last run failed one negative case; the redesigned case was never run) and the game has no equip system yet; last batch run: gates passed, batch not frozen"
388,images/clothing/headwear/dal_cap_d6b917c39f.png,DAL cap,Headwear,clothing,built_not_accepted,dal_cap,c004-headwear,"wearable: built on the kid rig replica; not accepted for release because the wearable validator self-test has not passed (last run failed one negative case; the redesigned case was never run) and the game has no equip system yet; last batch run: gates passed, batch not frozen"
389,images/clothing/shoes/ancient_princess_sandals_89593518e7.png,Ancient princess sandals,Shoes,clothing,built_not_accepted,ancient_princess_sandals,c005-shoes,"wearable: built on the kid rig replica; not accepted for release because the wearable validator self-test has not passed (last run failed one negative case; the redesigned case was never run) and the game has no equip system yet; batch frozen, all gates passed"
390,images/clothing/shoes/antique_boots_7d5267636c.png,Antique boots,Shoes,clothing,built_not_accepted,antique_boots,c005-shoes,"wearable: built on the kid rig replica; not accepted for release because the wearable validator self-test has not passed (last run failed one negative case; the redesigned case was never run) and the game has no equip system yet; batch frozen, all gates passed"
391,images/clothing/shoes/armor_shoes_fb091ab96c.png,Armor shoes,Shoes,clothing,built_not_accepted,armor_shoes,c005-shoes,"wearable: built on the kid rig replica; not accepted for release because the wearable validator self-test has not passed (last run failed one negative case; the redesigned case was never run) and the game has no equip system yet; batch frozen, all gates passed"
392,images/clothing/shoes/babouches_d5b2c7116e.png,Babouches,Shoes,clothing,built_not_accepted,babouches,c005-shoes,"wearable: built on the kid rig replica; not accepted for release because the wearable validator self-test has not passed (last run failed one negative case; the redesigned case was never run) and the game has no equip system yet; batch frozen, all gates passed"
393,images/clothing/shoes/ballet_slippers_d7414fa97d.png,Ballet slippers,Shoes,clothing,built_not_accepted,ballet_slippers,c005-shoes,"wearable: built on the kid rig replica; not accepted for release because the wearable validator self-test has not passed (last run failed one negative case; the redesigned case was never run) and the game has no equip system yet; batch frozen, all gates passed"
394,images/clothing/shoes/basic_pumps_1edf326504.png,Basic pumps,Shoes,clothing,built_not_accepted,basic_pumps,c005-shoes,"wearable: built on the kid rig replica; not accepted for release because the wearable validator self-test has not passed (last run failed one negative case; the redesigned case was never run) and the game has no equip system yet; batch frozen, all gates passed"
395,images/clothing/shoes/basketball_shoes_c9030b26e9.png,Basketball shoes,Shoes,clothing,built_not_accepted,basketball_shoes,c005-shoes,"wearable: built on the kid rig replica; not accepted for release because the wearable validator self-test has not passed (last run failed one negative case; the redesigned case was never run) and the game has no equip system yet; batch frozen, all gates passed"
396,images/clothing/shoes/beaded_sandals_4cb39394d4.png,Beaded sandals,Shoes,clothing,built_not_accepted,beaded_sandals,c005-shoes,"wearable: built on the kid rig replica; not accepted for release because the wearable validator self-test has not passed (last run failed one negative case; the redesigned case was never run) and the game has no equip system yet; batch frozen, all gates passed"
397,images/clothing/shoes/boots_55508a1424.png,Boots,Shoes,clothing,built_not_accepted,boots,c005-shoes,"wearable: built on the kid rig replica; not accepted for release because the wearable validator self-test has not passed (last run failed one negative case; the redesigned case was never run) and the game has no equip system yet; batch frozen, all gates passed"
398,images/clothing/shoes/business_shoes_5a466835ef.png,Business shoes,Shoes,clothing,built_not_accepted,business_shoes,c005-shoes,"wearable: built on the kid rig replica; not accepted for release because the wearable validator self-test has not passed (last run failed one negative case; the redesigned case was never run) and the game has no equip system yet; batch frozen, all gates passed"
399,images/clothing/shoes/cast_f86184d0ee.png,Cast,Shoes,clothing,built_not_accepted,cast,c005-shoes,"wearable: built on the kid rig replica; not accepted for release because the wearable validator self-test has not passed (last run failed one negative case; the redesigned case was never run) and the game has no equip system yet; batch frozen, all gates passed"
400,images/clothing/shoes/cinnamoroll_sneakers_684f4b0166.png,Cinnamoroll sneakers,Shoes,clothing,blocked,,,"BLOCKED third-party IP: Sanrio character Cinnamoroll collaboration item. The reference IS that franchise/brand item; task rules forbid copying recognizable Nintendo/third-party designs, and a generic substitute would not represent this reference. Evidence: item name + source_item_url in this record; icon in input/references/nookipedia/images/clothing/."
401,images/clothing/shoes/cleats_906687231c.png,Cleats,Shoes,clothing,built_not_accepted,cleats,c005-shoes,"wearable: built on the kid rig replica; not accepted for release because the wearable validator self-test has not passed (last run failed one negative case; the redesigned case was never run) and the game has no equip system yet; batch frozen, all gates passed"
402,images/clothing/shoes/comfy_sandals_b409b33863.png,Comfy sandals,Shoes,clothing,built_not_accepted,comfy_sandals,c005-shoes,"wearable: built on the kid rig replica; not accepted for release because the wearable validator self-test has not passed (last run failed one negative case; the redesigned case was never run) and the game has no equip system yet; batch frozen, all gates passed"
403,images/clothing/shoes/cowboy_boots_e19490f173.png,Cowboy boots,Shoes,clothing,built_not_accepted,cowboy_boots,c005-shoes,"wearable: built on the kid rig replica; not accepted for release because the wearable validator self-test has not passed (last run failed one negative case; the redesigned case was never run) and the game has no equip system yet; batch frozen, all gates passed"
404,images/clothing/shoes/cross_belt_sandals_0c36a341d0.png,Cross-belt sandals,Shoes,clothing,built_not_accepted,cross_belt_sandals,c005-shoes,"wearable: built on the kid rig replica; not accepted for release because the wearable validator self-test has not passed (last run failed one negative case; the redesigned case was never run) and the game has no equip system yet; batch frozen, all gates passed"
405,images/clothing/shoes/cute_sneakers_7f6016e3b7.png,Cute sneakers,Shoes,clothing,built_not_accepted,cute_sneakers,c005-shoes,"wearable: built on the kid rig replica; not accepted for release because the wearable validator self-test has not passed (last run failed one negative case; the redesigned case was never run) and the game has no equip system yet; batch frozen, all gates passed"
406,images/clothing/shoes/cyan_trainers_563eee7e98.png,Cyan Trainers,Shoes,clothing,built_not_accepted,cyan_trainers,c005-shoes,"wearable: built on the kid rig replica; not accepted for release because the wearable validator self-test has not passed (last run failed one negative case; the redesigned case was never run) and the game has no equip system yet; batch frozen, all gates passed"
407,images/clothing/shoes/dal_slippers_38d1f63493.png,DAL slippers,Shoes,clothing,built_not_accepted,dal_slippers,c005-shoes,"wearable: built on the kid rig replica; not accepted for release because the wearable validator self-test has not passed (last run failed one negative case; the redesigned case was never run) and the game has no equip system yet; batch frozen, all gates passed"
408,images/clothing/shoes/dance_shoes_9e9657d201.png,Dance shoes,Shoes,clothing,built_not_accepted,dance_shoes,c005-shoes,"wearable: built on the kid rig replica; not accepted for release because the wearable validator self-test has not passed (last run failed one negative case; the redesigned case was never run) and the game has no equip system yet; batch frozen, all gates passed"
409,images/clothing/shoes/earth_egg_shoes_b39132c4ba.png,Earth-egg shoes,Shoes,clothing,built_not_accepted,earth_egg_shoes,c005-shoes,"wearable: built on the kid rig replica; not accepted for release because the wearable validator self-test has not passed (last run failed one negative case; the redesigned case was never run) and the game has no equip system yet; batch frozen, all gates passed"
410,images/clothing/shoes/embroidered_shoes_ebf4ff871b.png,Embroidered shoes,Shoes,clothing,built_not_accepted,embroidered_shoes,c005-shoes,"wearable: built on the kid rig replica; not accepted for release because the wearable validator self-test has not passed (last run failed one negative case; the redesigned case was never run) and the game has no equip system yet; batch frozen, all gates passed"
411,images/clothing/shoes/faux_fur_ankle_booties_deb84a98aa.png,Faux-fur ankle booties,Shoes,clothing,built_not_accepted,faux_fur_ankle_booties,c005-shoes,"wearable: built on the kid rig replica; not accepted for release because the wearable validator self-test has not passed (last run failed one negative case; the redesigned case was never run) and the game has no equip system yet; batch frozen, all gates passed"
412,images/clothing/shoes/faux_shearling_boots_9044623134.png,Faux-shearling boots,Shoes,clothing,built_not_accepted,faux_shearling_boots,c005-shoes,"wearable: built on the kid rig replica; not accepted for release because the wearable validator self-test has not passed (last run failed one negative case; the redesigned case was never run) and the game has no equip system yet; batch frozen, all gates passed"
413,images/clothing/shoes/faux_suede_sneakers_53a8429054.png,Faux-suede sneakers,Shoes,clothing,built_not_accepted,faux_suede_sneakers,c005-shoes,"wearable: built on the kid rig replica; not accepted for release because the wearable validator self-test has not passed (last run failed one negative case; the redesigned case was never run) and the game has no equip system yet; batch frozen, all gates passed"
414,images/clothing/shoes/flashy_animal_boots_e9a959e53e.png,Flashy animal boots,Shoes,clothing,built_not_accepted,flashy_animal_boots,c005-shoes,"wearable: built on the kid rig replica; not accepted for release because the wearable validator self-test has not passed (last run failed one negative case; the redesigned case was never run) and the game has no equip system yet; batch frozen, all gates passed"
415,images/clothing/shoes/flip_flops_df07a6678a.png,Flip-flops,Shoes,clothing,built_not_accepted,flip_flops,c005-shoes,"wearable: built on the kid rig replica; not accepted for release because the wearable validator self-test has not passed (last run failed one negative case; the redesigned case was never run) and the game has no equip system yet; batch frozen, all gates passed"
416,images/clothing/shoes/flower_sandals_09cf9e20f6.png,Flower sandals,Shoes,clothing,built_not_accepted,flower_sandals,c005-shoes,"wearable: built on the kid rig replica; not accepted for release because the wearable validator self-test has not passed (last run failed one negative case; the redesigned case was never run) and the game has no equip system yet; batch frozen, all gates passed"
417,images/clothing/shoes/force_reboots_a8841c3205.png,Force ReBoots,Shoes,clothing,blocked,,,"BLOCKED third-party IP: Nintendo Splatoon gear item. The reference IS that franchise/brand item; task rules forbid copying recognizable Nintendo/third-party designs, and a generic substitute would not represent this reference. Evidence: item name + source_item_url in this record; icon in input/references/nookipedia/images/clothing/."
418,images/clothing/shoes/ghillie_brogues_5310092f42.png,Ghillie brogues,Shoes,clothing,built_not_accepted,ghillie_brogues,c005-shoes,"wearable: built on the kid rig replica; not accepted for release because the wearable validator self-test has not passed (last run failed one negative case; the redesigned case was never run) and the game has no equip system yet; batch frozen, all gates passed"
419,images/clothing/shoes/gladiator_sandals_a211f666e6.png,Gladiator sandals,Shoes,clothing,built_not_accepted,gladiator_sandals,c005-shoes,"wearable: built on the kid rig replica; not accepted for release because the wearable validator self-test has not passed (last run failed one negative case; the redesigned case was never run) and the game has no equip system yet; batch frozen, all gates passed"
420,images/clothing/shoes/gold_armor_shoes_a25eb375f4.png,Gold-armor shoes,Shoes,clothing,built_not_accepted,gold_armor_shoes,c005-shoes,"wearable: built on the kid rig replica; not accepted for release because the wearable validator self-test has not passed (last run failed one negative case; the redesigned case was never run) and the game has no equip system yet; batch frozen, all gates passed"
421,images/clothing/shoes/hello_kitty_shoes_35e988f149.png,Hello Kitty shoes,Shoes,clothing,blocked,,,"BLOCKED third-party IP: Sanrio character Hello Kitty collaboration item. The reference IS that franchise/brand item; task rules forbid copying recognizable Nintendo/third-party designs, and a generic substitute would not represent this reference. Evidence: item name + source_item_url in this record; icon in input/references/nookipedia/images/clothing/."
422,images/clothing/shoes/hero_boot_replicas_85ad63f485.png,Hero Boot Replicas,Shoes,clothing,blocked,,,"BLOCKED third-party IP: Nintendo Splatoon hero gear item. The reference IS that franchise/brand item; task rules forbid copying recognizable Nintendo/third-party designs, and a generic substitute would not represent this reference. Evidence: item name + source_item_url in this record; icon in input/references/nookipedia/images/clothing/."
423,images/clothing/shoes/hi_tech_sneakers_958197a11a.png,Hi-tech sneakers,Shoes,clothing,built_not_accepted,hi_tech_sneakers,c005-shoes,"wearable: built on the kid rig replica; not accepted for release because the wearable validator self-test has not passed (last run failed one negative case; the redesigned case was never run) and the game has no equip system yet; batch frozen, all gates passed"
424,images/clothing/shoes/high_tops_c062ba6d27.png,High-tops,Shoes,clothing,built_not_accepted,high_tops,c005-shoes,"wearable: built on the kid rig replica; not accepted for release because the wearable validator self-test has not passed (last run failed one negative case; the redesigned case was never run) and the game has no equip system yet; batch frozen, all gates passed"
425,images/clothing/shoes/house_slippers_df7e33e612.png,House slippers,Shoes,clothing,built_not_accepted,house_slippers,c005-shoes,"wearable: built on the kid rig replica; not accepted for release because the wearable validator self-test has not passed (last run failed one negative case; the redesigned case was never run) and the game has no equip system yet; batch frozen, all gates passed"
426,images/clothing/shoes/hylian_boots_3e08e49b09.png,Hylian boots,Shoes,clothing,blocked,,,"BLOCKED third-party IP: Nintendo The Legend of Zelda item. The reference IS that franchise/brand item; task rules forbid copying recognizable Nintendo/third-party designs, and a generic substitute would not represent this reference. Evidence: item name + source_item_url in this record; icon in input/references/nookipedia/images/clothing/."
427,images/clothing/shoes/jester_s_shoes_3caf5c2a53.png,Jester's shoes,Shoes,clothing,built_not_accepted,jesters_shoes,c005-shoes,"wearable: built on the kid rig replica; not accepted for release because the wearable validator self-test has not passed (last run failed one negative case; the redesigned case was never run) and the game has no equip system yet; batch frozen, all gates passed"
428,images/clothing/shoes/kerokerokeroppi_boots_bbd3414732.png,Kerokerokeroppi boots,Shoes,clothing,blocked,,,"BLOCKED third-party IP: Sanrio character Kerokerokeroppi collaboration item. The reference IS that franchise/brand item; task rules forbid copying recognizable Nintendo/third-party designs, and a generic substitute would not represent this reference. Evidence: item name + source_item_url in this record; icon in input/references/nookipedia/images/clothing/."
429,images/clothing/shoes/kiddie_sneakers_7deccba95c.png,Kiddie sneakers,Shoes,clothing,built_not_accepted,kiddie_sneakers,c005-shoes,"wearable: built on the kid rig replica; not accepted for release because the wearable validator self-test has not passed (last run failed one negative case; the redesigned case was never run) and the game has no equip system yet; batch frozen, all gates passed"
430,images/clothing/shoes/kiki_lala_shoes_cb50f58d07.png,Kiki & Lala shoes,Shoes,clothing,blocked,,,"BLOCKED third-party IP: Sanrio characters Kiki & Lala collaboration item. The reference IS that franchise/brand item; task rules forbid copying recognizable Nintendo/third-party designs, and a generic substitute would not represent this reference. Evidence: item name + source_item_url in this record; icon in input/references/nookipedia/images/clothing/."
431,images/clothing/shoes/kimono_sandals_d6e0a49bfd.png,Kimono sandals,Shoes,clothing,built_not_accepted,kimono_sandals,c005-shoes,"wearable: built on the kid rig replica; not accepted for release because the wearable validator self-test has not passed (last run failed one negative case; the redesigned case was never run) and the game has no equip system yet; batch frozen, all gates passed"
432,images/clothing/shoes/kung_fu_shoes_2f12d5d5c0.png,Kung-fu shoes,Shoes,clothing,built_not_accepted,kung_fu_shoes,c005-shoes,"wearable: built on the kid rig replica; not accepted for release because the wearable validator self-test has not passed (last run failed one negative case; the redesigned case was never run) and the game has no equip system yet; batch frozen, all gates passed"
433,images/clothing/shoes/labelle_pumps_7c941d34dd.png,Labelle pumps,Shoes,clothing,built_not_accepted,labelle_pumps,c005-shoes,"wearable: built on the kid rig replica; not accepted for release because the wearable validator self-test has not passed (last run failed one negative case; the redesigned case was never run) and the game has no equip system yet; batch frozen, all gates passed"
434,images/clothing/shoes/labelle_sneakers_ede2bea279.png,Labelle sneakers,Shoes,clothing,built_not_accepted,labelle_sneakers,c005-shoes,"wearable: built on the kid rig replica; not accepted for release because the wearable validator self-test has not passed (last run failed one negative case; the redesigned case was never run) and the game has no equip system yet; batch frozen, all gates passed"
435,images/clothing/shoes/lace_up_boots_4ac4b24894.png,Lace-up boots,Shoes,clothing,built_not_accepted,lace_up_boots,c005-shoes,"wearable: built on the kid rig replica; not accepted for release because the wearable validator self-test has not passed (last run failed one negative case; the redesigned case was never run) and the game has no equip system yet; batch frozen, all gates passed"
436,images/clothing/shoes/leaf_egg_shoes_a91f86b24b.png,Leaf-egg shoes,Shoes,clothing,built_not_accepted,leaf_egg_shoes,c005-shoes,"wearable: built on the kid rig replica; not accepted for release because the wearable validator self-test has not passed (last run failed one negative case; the redesigned case was never run) and the game has no equip system yet; batch frozen, all gates passed"
437,images/clothing/shoes/leopard_pumps_b086c57e16.png,Leopard pumps,Shoes,clothing,built_not_accepted,leopard_pumps,c005-shoes,"wearable: built on the kid rig replica; not accepted for release because the wearable validator self-test has not passed (last run failed one negative case; the redesigned case was never run) and the game has no equip system yet; batch frozen, all gates passed"
438,images/clothing/shoes/loafers_fd5f1db021.png,Loafers,Shoes,clothing,built_not_accepted,loafers,c005-shoes,"wearable: built on the kid rig replica; not accepted for release because the wearable validator self-test has not passed (last run failed one negative case; the redesigned case was never run) and the game has no equip system yet; batch frozen, all gates passed"
439,images/clothing/socks/aerobics_leggings_4d8679cf98.png,Aerobics leggings,Socks,clothing,built_not_accepted,aerobics_leggings,c006-socks,"wearable: built on the kid rig replica; not accepted for release because the wearable validator self-test has not passed (last run failed one negative case; the redesigned case was never run) and the game has no equip system yet; last batch run: gates passed, batch not frozen"
440,images/clothing/socks/aran_knit_socks_9daa527ffe.png,Aran-knit socks,Socks,clothing,built_not_accepted,aran_knit_socks,c006-socks,"wearable: built on the kid rig replica; not accepted for release because the wearable validator self-test has not passed (last run failed one negative case; the redesigned case was never run) and the game has no equip system yet; last batch run: gates passed, batch not frozen"
441,images/clothing/socks/argyle_crew_socks_38e9856e31.png,Argyle crew socks,Socks,clothing,built_not_accepted,argyle_crew_socks,c006-socks,wearable: built on the kid rig replica; not accepted for release because the wearable validator self-test has not passed (last run failed one negative case; the redesigned case was never run) and the game has no equip system yet; last batch run: gate failures or incomplete run (builder fix pending a rerun)
442,images/clothing/socks/back_bow_socks_3fac94384f.png,Back-bow socks,Socks,clothing,built_not_accepted,back_bow_socks,c006-socks,"wearable: built on the kid rig replica; not accepted for release because the wearable validator self-test has not passed (last run failed one negative case; the redesigned case was never run) and the game has no equip system yet; last batch run: gates passed, batch not frozen"
443,images/clothing/socks/bobby_socks_35127dce3a.png,Bobby socks,Socks,clothing,built_not_accepted,bobby_socks,c006-socks,"wearable: built on the kid rig replica; not accepted for release because the wearable validator self-test has not passed (last run failed one negative case; the redesigned case was never run) and the game has no equip system yet; last batch run: gates passed, batch not frozen"
444,images/clothing/socks/color_blocked_socks_dd8a6ba8ad.png,Color-blocked socks,Socks,clothing,built_not_accepted,color_blocked_socks,c006-socks,"wearable: built on the kid rig replica; not accepted for release because the wearable validator self-test has not passed (last run failed one negative case; the redesigned case was never run) and the game has no equip system yet; last batch run: gates passed, batch not frozen"
445,images/clothing/socks/compression_tights_0348ddf0d6.png,Compression tights,Socks,clothing,built_not_accepted,compression_tights,c006-socks,"wearable: built on the kid rig replica; not accepted for release because the wearable validator self-test has not passed (last run failed one negative case; the redesigned case was never run) and the game has no equip system yet; last batch run: gates passed, batch not frozen"
446,images/clothing/socks/country_socks_476ff18d10.png,Country socks,Socks,clothing,built_not_accepted,country_socks,c006-socks,"wearable: built on the kid rig replica; not accepted for release because the wearable validator self-test has not passed (last run failed one negative case; the redesigned case was never run) and the game has no equip system yet; last batch run: gates passed, batch not frozen"
447,images/clothing/socks/crocheted_socks_dcbea8399a.png,Crocheted socks,Socks,clothing,built_not_accepted,crocheted_socks,c006-socks,"wearable: built on the kid rig replica; not accepted for release because the wearable validator self-test has not passed (last run failed one negative case; the redesigned case was never run) and the game has no equip system yet; last batch run: gates passed, batch not frozen"
448,images/clothing/socks/denim_leggings_7d41172e37.png,Denim leggings,Socks,clothing,built_not_accepted,denim_leggings,c006-socks,"wearable: built on the kid rig replica; not accepted for release because the wearable validator self-test has not passed (last run failed one negative case; the redesigned case was never run) and the game has no equip system yet; last batch run: gates passed, batch not frozen"
449,images/clothing/socks/dotted_knee_high_socks_c325995423.png,Dotted knee-high socks,Socks,clothing,built_not_accepted,dotted_knee_high_socks,c006-socks,wearable: built on the kid rig replica; not accepted for release because the wearable validator self-test has not passed (last run failed one negative case; the redesigned case was never run) and the game has no equip system yet; last batch run: gate failures or incomplete run (builder fix pending a rerun)
450,images/clothing/socks/embroidered_flower_tights_584db83b01.png,Embroidered-flower tights,Socks,clothing,built_not_accepted,embroidered_flower_tights,c006-socks,wearable: built on the kid rig replica; not accepted for release because the wearable validator self-test has not passed (last run failed one negative case; the redesigned case was never run) and the game has no equip system yet; last batch run: gate failures or incomplete run (builder fix pending a rerun)
451,images/clothing/socks/everyday_socks_fcc9b4565a.png,Everyday socks,Socks,clothing,built_not_accepted,everyday_socks,c006-socks,"wearable: built on the kid rig replica; not accepted for release because the wearable validator self-test has not passed (last run failed one negative case; the redesigned case was never run) and the game has no equip system yet; last batch run: gates passed, batch not frozen"
452,images/clothing/socks/everyday_tights_b864e31a27.png,Everyday tights,Socks,clothing,built_not_accepted,everyday_tights,c006-socks,"wearable: built on the kid rig replica; not accepted for release because the wearable validator self-test has not passed (last run failed one negative case; the redesigned case was never run) and the game has no equip system yet; last batch run: gates passed, batch not frozen"
453,images/clothing/socks/fishnet_tights_7dc92a04ae.png,Fishnet tights,Socks,clothing,built_not_accepted,fishnet_tights,c006-socks,wearable: built on the kid rig replica; not accepted for release because the wearable validator self-test has not passed (last run failed one negative case; the redesigned case was never run) and the game has no equip system yet; last batch run: gate failures or incomplete run (builder fix pending a rerun)
454,images/clothing/socks/flowery_dot_tights_86d4f02fd2.png,Flowery-dot tights,Socks,clothing,built_not_accepted,flowery_dot_tights,c006-socks,wearable: built on the kid rig replica; not accepted for release because the wearable validator self-test has not passed (last run failed one negative case; the redesigned case was never run) and the game has no equip system yet; last batch run: gate failures or incomplete run (builder fix pending a rerun)
455,images/clothing/socks/frilly_knee_high_socks_bbcf5d761a.png,Frilly knee-high socks,Socks,clothing,built_not_accepted,frilly_knee_high_socks,c006-socks,"wearable: built on the kid rig replica; not accepted for release because the wearable validator self-test has not passed (last run failed one negative case; the redesigned case was never run) and the game has no equip system yet; last batch run: gates passed, batch not frozen"
456,images/clothing/socks/frilly_socks_639f17c9c0.png,Frilly socks,Socks,clothing,built_not_accepted,frilly_socks,c006-socks,"wearable: built on the kid rig replica; not accepted for release because the wearable validator self-test has not passed (last run failed one negative case; the redesigned case was never run) and the game has no equip system yet; last batch run: gates passed, batch not frozen"
457,images/clothing/socks/funny_face_socks_d0a89a246e.png,Funny-face socks,Socks,clothing,built_not_accepted,funny_face_socks,c006-socks,"wearable: built on the kid rig replica; not accepted for release because the wearable validator self-test has not passed (last run failed one negative case; the redesigned case was never run) and the game has no equip system yet; last batch run: gates passed, batch not frozen"
458,images/clothing/socks/garter_socks_a0bcc6c218.png,Garter socks,Socks,clothing,built_not_accepted,garter_socks,c006-socks,"wearable: built on the kid rig replica; not accepted for release because the wearable validator self-test has not passed (last run failed one negative case; the redesigned case was never run) and the game has no equip system yet; last batch run: gates passed, batch not frozen"
459,images/clothing/socks/geometric_print_socks_24befd3e2e.png,Geometric-print socks,Socks,clothing,built_not_accepted,geometric_print_socks,c006-socks,"wearable: built on the kid rig replica; not accepted for release because the wearable validator self-test has not passed (last run failed one negative case; the redesigned case was never run) and the game has no equip system yet; last batch run: gates passed, batch not frozen"
460,images/clothing/socks/hand_knit_socks_2222ce2eaf.png,Hand-knit socks,Socks,clothing,built_not_accepted,hand_knit_socks,c006-socks,"wearable: built on the kid rig replica; not accepted for release because the wearable validator self-test has not passed (last run failed one negative case; the redesigned case was never run) and the game has no equip system yet; last batch run: gates passed, batch not frozen"
461,images/clothing/socks/holey_socks_f8c43f73c7.png,Holey socks,Socks,clothing,built_not_accepted,holey_socks,c006-socks,"wearable: built on the kid rig replica; not accepted for release because the wearable validator self-test has not passed (last run failed one negative case; the redesigned case was never run) and the game has no equip system yet; last batch run: gates passed, batch not frozen"
462,images/clothing/socks/holey_tights_93f048b2ac.png,Holey tights,Socks,clothing,built_not_accepted,holey_tights,c006-socks,"wearable: built on the kid rig replica; not accepted for release because the wearable validator self-test has not passed (last run failed one negative case; the redesigned case was never run) and the game has no equip system yet; last batch run: gates passed, batch not frozen"
463,images/clothing/socks/horizontal_striped_tights_b7504ad421.png,Horizontal-striped tights,Socks,clothing,built_not_accepted,horizontal_striped_tights,c006-socks,"wearable: built on the kid rig replica; not accepted for release because the wearable validator self-test has not passed (last run failed one negative case; the redesigned case was never run) and the game has no equip system yet; last batch run: gates passed, batch not frozen"
464,images/clothing/socks/kerokerokeroppi_socks_cb18aa6386.png,Kerokerokeroppi socks,Socks,clothing,blocked,,,"BLOCKED third-party IP: Sanrio character Kerokerokeroppi collaboration item. The reference IS that franchise/brand item; task rules forbid copying recognizable Nintendo/third-party designs, and a generic substitute would not represent this reference. Evidence: item name + source_item_url in this record; icon in input/references/nookipedia/images/clothing/."
465,images/clothing/socks/kiddie_socks_3b5850ae78.png,Kiddie socks,Socks,clothing,built_not_accepted,kiddie_socks,c006-socks,"wearable: built on the kid rig replica; not accepted for release because the wearable validator self-test has not passed (last run failed one negative case; the redesigned case was never run) and the game has no equip system yet; last batch run: gates passed, batch not frozen"
466,images/clothing/socks/kiki_lala_socks_c71fd9cfc4.png,Kiki & Lala socks,Socks,clothing,blocked,,,"BLOCKED third-party IP: Sanrio characters Kiki & Lala collaboration item. The reference IS that franchise/brand item; task rules forbid copying recognizable Nintendo/third-party designs, and a generic substitute would not represent this reference. Evidence: item name + source_item_url in this record; icon in input/references/nookipedia/images/clothing/."
467,images/clothing/socks/knee_bandages_227d2ed056.png,Knee bandages,Socks,clothing,built_not_accepted,knee_bandages,c006-socks,"wearable: built on the kid rig replica; not accepted for release because the wearable validator self-test has not passed (last run failed one negative case; the redesigned case was never run) and the game has no equip system yet; last batch run: gates passed, batch not frozen"
468,images/clothing/socks/knee_braces_eb94f0c72d.png,Knee braces,Socks,clothing,built_not_accepted,knee_braces,c006-socks,"wearable: built on the kid rig replica; not accepted for release because the wearable validator self-test has not passed (last run failed one negative case; the redesigned case was never run) and the game has no equip system yet; last batch run: gates passed, batch not frozen"
469,images/clothing/socks/labelle_socks_7604bef3a2.png,Labelle socks,Socks,clothing,built_not_accepted,labelle_socks,c006-socks,"wearable: built on the kid rig replica; not accepted for release because the wearable validator self-test has not passed (last run failed one negative case; the redesigned case was never run) and the game has no equip system yet; last batch run: gates passed, batch not frozen"
470,images/clothing/socks/labelle_tights_8b23cb037b.png,Labelle tights,Socks,clothing,built_not_accepted,labelle_tights,c006-socks,wearable: built on the kid rig replica; not accepted for release because the wearable validator self-test has not passed (last run failed one negative case; the redesigned case was never run) and the game has no equip system yet; last batch run: gate failures or incomplete run (builder fix pending a rerun)
471,images/clothing/socks/lace_socks_039bc13e66.png,Lace socks,Socks,clothing,built_not_accepted,lace_socks,c006-socks,"wearable: built on the kid rig replica; not accepted for release because the wearable validator self-test has not passed (last run failed one negative case; the redesigned case was never run) and the game has no equip system yet; last batch run: gates passed, batch not frozen"
472,images/clothing/socks/layered_socks_5bd25e2d4c.png,Layered socks,Socks,clothing,built_not_accepted,layered_socks,c006-socks,"wearable: built on the kid rig replica; not accepted for release because the wearable validator self-test has not passed (last run failed one negative case; the redesigned case was never run) and the game has no equip system yet; last batch run: gates passed, batch not frozen"
473,images/clothing/socks/leg_warmers_865485944a.png,Leg warmers,Socks,clothing,built_not_accepted,leg_warmers,c006-socks,"wearable: built on the kid rig replica; not accepted for release because the wearable validator self-test has not passed (last run failed one negative case; the redesigned case was never run) and the game has no equip system yet; last batch run: gates passed, batch not frozen"
474,images/clothing/socks/mixed_tweed_socks_a64c02c8fc.png,Mixed-tweed socks,Socks,clothing,built_not_accepted,mixed_tweed_socks,c006-socks,wearable: built on the kid rig replica; not accepted for release because the wearable validator self-test has not passed (last run failed one negative case; the redesigned case was never run) and the game has no equip system yet; last batch run: gate failures or incomplete run (builder fix pending a rerun)
475,images/clothing/socks/neon_leggings_da4b7542af.png,Neon leggings,Socks,clothing,built_not_accepted,neon_leggings,c006-socks,"wearable: built on the kid rig replica; not accepted for release because the wearable validator self-test has not passed (last run failed one negative case; the redesigned case was never run) and the game has no equip system yet; last batch run: gates passed, batch not frozen"
476,images/clothing/socks/neon_tights_bd30d5a247.png,Neon tights,Socks,clothing,built_not_accepted,neon_tights,c006-socks,"wearable: built on the kid rig replica; not accepted for release because the wearable validator self-test has not passed (last run failed one negative case; the redesigned case was never run) and the game has no equip system yet; last batch run: gates passed, batch not frozen"
477,images/clothing/socks/no_show_socks_88e294a99a.png,No-show socks,Socks,clothing,built_not_accepted,no_show_socks,c006-socks,"wearable: built on the kid rig replica; not accepted for release because the wearable validator self-test has not passed (last run failed one negative case; the redesigned case was never run) and the game has no equip system yet; last batch run: gates passed, batch not frozen"
478,images/clothing/socks/nook_inc_socks_8831ecb535.png,Nook Inc. socks,Socks,clothing,built_not_accepted,nook_inc_socks,c006-socks,"wearable: built on the kid rig replica; not accepted for release because the wearable validator self-test has not passed (last run failed one negative case; the redesigned case was never run) and the game has no equip system yet; last batch run: gates passed, batch not frozen"
479,images/clothing/socks/nordic_socks_fe4b6474e2.png,Nordic socks,Socks,clothing,built_not_accepted,nordic_socks,c006-socks,"wearable: built on the kid rig replica; not accepted for release because the wearable validator self-test has not passed (last run failed one negative case; the redesigned case was never run) and the game has no equip system yet; last batch run: gates passed, batch not frozen"
480,images/clothing/socks/patterned_stockings_95f9c942fa.png,Patterned stockings,Socks,clothing,built_not_accepted,patterned_stockings,c006-socks,"wearable: built on the kid rig replica; not accepted for release because the wearable validator self-test has not passed (last run failed one negative case; the redesigned case was never run) and the game has no equip system yet; last batch run: gates passed, batch not frozen"
481,images/clothing/socks/pom_pom_socks_9dd434e507.png,Pom-pom socks,Socks,clothing,built_not_accepted,pom_pom_socks,c006-socks,"wearable: built on the kid rig replica; not accepted for release because the wearable validator self-test has not passed (last run failed one negative case; the redesigned case was never run) and the game has no equip system yet; last batch run: gates passed, batch not frozen"
482,images/clothing/socks/puckered_socks_a02e8dd201.png,Puckered socks,Socks,clothing,built_not_accepted,puckered_socks,c006-socks,"wearable: built on the kid rig replica; not accepted for release because the wearable validator self-test has not passed (last run failed one negative case; the redesigned case was never run) and the game has no equip system yet; last batch run: gates passed, batch not frozen"
483,images/clothing/socks/running_tights_4bcaf659fd.png,Running tights,Socks,clothing,built_not_accepted,running_tights,c006-socks,wearable: built on the kid rig replica; not accepted for release because the wearable validator self-test has not passed (last run failed one negative case; the redesigned case was never run) and the game has no equip system yet; last batch run: gate failures or incomplete run (builder fix pending a rerun)
484,images/clothing/socks/semi_opaque_socks_a0c32f62a6.png,Semi-opaque socks,Socks,clothing,built_not_accepted,semi_opaque_socks,c006-socks,"wearable: built on the kid rig replica; not accepted for release because the wearable validator self-test has not passed (last run failed one negative case; the redesigned case was never run) and the game has no equip system yet; last batch run: gates passed, batch not frozen"
485,images/clothing/socks/semi_opaque_tights_855913499e.png,Semi-opaque tights,Socks,clothing,built_not_accepted,semi_opaque_tights,c006-socks,"wearable: built on the kid rig replica; not accepted for release because the wearable validator self-test has not passed (last run failed one negative case; the redesigned case was never run) and the game has no equip system yet; last batch run: gates passed, batch not frozen"
486,images/clothing/socks/sequin_leggings_9e99631ff5.png,Sequin leggings,Socks,clothing,built_not_accepted,sequin_leggings,c006-socks,wearable: built on the kid rig replica; not accepted for release because the wearable validator self-test has not passed (last run failed one negative case; the redesigned case was never run) and the game has no equip system yet; last batch run: gate failures or incomplete run (builder fix pending a rerun)
487,images/clothing/socks/sheer_socks_ca4770bdea.png,Sheer socks,Socks,clothing,built_not_accepted,sheer_socks,c006-socks,wearable: built on the kid rig replica; not accepted for release because the wearable validator self-test has not passed (last run failed one negative case; the redesigned case was never run) and the game has no equip system yet; last batch run: gate failures or incomplete run (builder fix pending a rerun)
488,images/clothing/socks/simple_accent_socks_58de1b2782.png,Simple-accent socks,Socks,clothing,built_not_accepted,simple_accent_socks,c006-socks,wearable: built on the kid rig replica; not accepted for release because the wearable validator self-test has not passed (last run failed one negative case; the redesigned case was never run) and the game has no equip system yet; last batch run: gate failures or incomplete run (builder fix pending a rerun)
489,images/clothing/accessories/3d_glasses_d18f607c9f.png,3D glasses,Accessories,clothing,built_not_accepted,3d_glasses,c007-accessories,"wearable: built on the kid rig replica; not accepted for release because the wearable validator self-test has not passed (last run failed one negative case; the redesigned case was never run) and the game has no equip system yet; last batch run: gates passed, batch not frozen"
490,images/clothing/accessories/animal_nose_9e4bebb5b2.png,Animal nose,Accessories,clothing,built_not_accepted,animal_nose,c007-accessories,"wearable: built on the kid rig replica; not accepted for release because the wearable validator self-test has not passed (last run failed one negative case; the redesigned case was never run) and the game has no equip system yet; last batch run: gates passed, batch not frozen"
491,images/clothing/accessories/ballroom_mask_fcee845054.png,Ballroom mask,Accessories,clothing,built_not_accepted,ballroom_mask,c007-accessories,"wearable: built on the kid rig replica; not accepted for release because the wearable validator self-test has not passed (last run failed one negative case; the redesigned case was never run) and the game has no equip system yet; last batch run: gates passed, batch not frozen"
492,images/clothing/accessories/bandage_52db3c242a.png,Bandage,Accessories,clothing,built_not_accepted,bandage,c007-accessories,"wearable: built on the kid rig replica; not accepted for release because the wearable validator self-test has not passed (last run failed one negative case; the redesigned case was never run) and the game has no equip system yet; last batch run: gates passed, batch not frozen"
493,images/clothing/accessories/beak_f76e714f12.png,Beak,Accessories,clothing,built_not_accepted,beak,c007-accessories,wearable: built on the kid rig replica; not accepted for release because the wearable validator self-test has not passed (last run failed one negative case; the redesigned case was never run) and the game has no equip system yet; last batch run: gate failures or incomplete run (builder fix pending a rerun)
494,images/clothing/accessories/birthday_shades_4646ded8bf.png,Birthday shades,Accessories,clothing,built_not_accepted,birthday_shades,c007-accessories,"wearable: built on the kid rig replica; not accepted for release because the wearable validator self-test has not passed (last run failed one negative case; the redesigned case was never run) and the game has no equip system yet; last batch run: gates passed, batch not frozen"
495,images/clothing/accessories/bottom_rimmed_glasses_1064407acf.png,Bottom-rimmed glasses,Accessories,clothing,built_not_accepted,bottom_rimmed_glasses,c007-accessories,"wearable: built on the kid rig replica; not accepted for release because the wearable validator self-test has not passed (last run failed one negative case; the redesigned case was never run) and the game has no equip system yet; last batch run: gates passed, batch not frozen"
496,images/clothing/accessories/browline_glasses_15e0480fe2.png,Browline glasses,Accessories,clothing,built_not_accepted,browline_glasses,c007-accessories,"wearable: built on the kid rig replica; not accepted for release because the wearable validator self-test has not passed (last run failed one negative case; the redesigned case was never run) and the game has no equip system yet; last batch run: gates passed, batch not frozen"
497,images/clothing/accessories/bubblegum_777432685f.png,Bubblegum,Accessories,clothing,built_not_accepted,bubblegum,c007-accessories,"wearable: built on the kid rig replica; not accepted for release because the wearable validator self-test has not passed (last run failed one negative case; the redesigned case was never run) and the game has no equip system yet; last batch run: gates passed, batch not frozen"
498,images/clothing/accessories/bunny_nose_362aa00846.png,Bunny nose,Accessories,clothing,built_not_accepted,bunny_nose,c007-accessories,"wearable: built on the kid rig replica; not accepted for release because the wearable validator self-test has not passed (last run failed one negative case; the redesigned case was never run) and the game has no equip system yet; last batch run: gates passed, batch not frozen"
499,images/clothing/accessories/butterfly_shades_23c9c47f0a.png,Butterfly shades,Accessories,clothing,built_not_accepted,butterfly_shades,c007-accessories,"wearable: built on the kid rig replica; not accepted for release because the wearable validator self-test has not passed (last run failed one negative case; the redesigned case was never run) and the game has no equip system yet; last batch run: gates passed, batch not frozen"
500,images/clothing/accessories/candy_skull_mask_8d586b67a9.png,Candy-skull mask,Accessories,clothing,built_not_accepted,candy_skull_mask,c007-accessories,"wearable: built on the kid rig replica; not accepted for release because the wearable validator self-test has not passed (last run failed one negative case; the redesigned case was never run) and the game has no equip system yet; last batch run: gates passed, batch not frozen"
501,images/clothing/accessories/cat_nose_a4b0be2d7b.png,Cat nose,Accessories,clothing,built_not_accepted,cat_nose,c007-accessories,"wearable: built on the kid rig replica; not accepted for release because the wearable validator self-test has not passed (last run failed one negative case; the redesigned case was never run) and the game has no equip system yet; last batch run: gates passed, batch not frozen"
502,images/clothing/accessories/cucumber_pack_ca778fd9da.png,Cucumber pack,Accessories,clothing,built_not_accepted,cucumber_pack,c007-accessories,"wearable: built on the kid rig replica; not accepted for release because the wearable validator self-test has not passed (last run failed one negative case; the redesigned case was never run) and the game has no equip system yet; last batch run: gates passed, batch not frozen"
503,images/clothing/accessories/curly_mustache_8961cead4a.png,Curly mustache,Accessories,clothing,built_not_accepted,curly_mustache,c007-accessories,"wearable: built on the kid rig replica; not accepted for release because the wearable validator self-test has not passed (last run failed one negative case; the redesigned case was never run) and the game has no equip system yet; last batch run: gates passed, batch not frozen"
504,images/clothing/accessories/cyber_shades_5579b4f095.png,Cyber shades,Accessories,clothing,built_not_accepted,cyber_shades,c007-accessories,"wearable: built on the kid rig replica; not accepted for release because the wearable validator self-test has not passed (last run failed one negative case; the redesigned case was never run) and the game has no equip system yet; last batch run: gates passed, batch not frozen"
505,images/clothing/accessories/dal_eye_mask_4cdd298434.png,DAL eye mask,Accessories,clothing,built_not_accepted,dal_eye_mask,c007-accessories,"wearable: built on the kid rig replica; not accepted for release because the wearable validator self-test has not passed (last run failed one negative case; the redesigned case was never run) and the game has no equip system yet; last batch run: gates passed, batch not frozen"
506,images/clothing/accessories/dal_sunglasses_da8ff47d40.png,DAL sunglasses,Accessories,clothing,built_not_accepted,dal_sunglasses,c007-accessories,"wearable: built on the kid rig replica; not accepted for release because the wearable validator self-test has not passed (last run failed one negative case; the redesigned case was never run) and the game has no equip system yet; last batch run: gates passed, batch not frozen"
507,images/clothing/accessories/doctor_s_mask_412b668a22.png,Doctor's mask,Accessories,clothing,built_not_accepted,doctors_mask,c007-accessories,"wearable: built on the kid rig replica; not accepted for release because the wearable validator self-test has not passed (last run failed one negative case; the redesigned case was never run) and the game has no equip system yet; last batch run: gates passed, batch not frozen"
508,images/clothing/accessories/dog_nose_589f138d2e.png,Dog nose,Accessories,clothing,built_not_accepted,dog_nose,c007-accessories,"wearable: built on the kid rig replica; not accepted for release because the wearable validator self-test has not passed (last run failed one negative case; the redesigned case was never run) and the game has no equip system yet; last batch run: gates passed, batch not frozen"
509,images/clothing/accessories/double_bridge_glasses_4a53e4b386.png,Double-bridge glasses,Accessories,clothing,built_not_accepted,double_bridge_glasses,c007-accessories,"wearable: built on the kid rig replica; not accepted for release because the wearable validator self-test has not passed (last run failed one negative case; the redesigned case was never run) and the game has no equip system yet; last batch run: gates passed, batch not frozen"
510,images/clothing/accessories/double_nose_tissues_d573f6103e.png,Double nose tissues,Accessories,clothing,built_not_accepted,double_nose_tissues,c007-accessories,wearable: built on the kid rig replica; not accepted for release because the wearable validator self-test has not passed (last run failed one negative case; the redesigned case was never run) and the game has no equip system yet; last batch run: gate failures or incomplete run (builder fix pending a rerun)
511,images/clothing/accessories/drinking_straw_glasses_51cf9419aa.png,Drinking-straw glasses,Accessories,clothing,built_not_accepted,drinking_straw_glasses,c007-accessories,"wearable: built on the kid rig replica; not accepted for release because the wearable validator self-test has not passed (last run failed one negative case; the redesigned case was never run) and the game has no equip system yet; last batch run: gates passed, batch not frozen"
512,images/clothing/accessories/elegant_masquerade_mask_23c4ecd89c.png,Elegant masquerade mask,Accessories,clothing,built_not_accepted,elegant_masquerade_mask,c007-accessories,"wearable: built on the kid rig replica; not accepted for release because the wearable validator self-test has not passed (last run failed one negative case; the redesigned case was never run) and the game has no equip system yet; last batch run: gates passed, batch not frozen"
513,images/clothing/accessories/eye_gauze_2c4f1af20e.png,Eye gauze,Accessories,clothing,built_not_accepted,eye_gauze,c007-accessories,"wearable: built on the kid rig replica; not accepted for release because the wearable validator self-test has not passed (last run failed one negative case; the redesigned case was never run) and the game has no equip system yet; last batch run: gates passed, batch not frozen"
514,images/clothing/accessories/eye_mask_53721323bc.png,Eye mask,Accessories,clothing,built_not_accepted,eye_mask,c007-accessories,"wearable: built on the kid rig replica; not accepted for release because the wearable validator self-test has not passed (last run failed one negative case; the redesigned case was never run) and the game has no equip system yet; last batch run: gates passed, batch not frozen"
515,images/clothing/accessories/eye_patch_dd15da08b3.png,Eye patch,Accessories,clothing,built_not_accepted,eye_patch,c007-accessories,"wearable: built on the kid rig replica; not accepted for release because the wearable validator self-test has not passed (last run failed one negative case; the redesigned case was never run) and the game has no equip system yet; last batch run: gates passed, batch not frozen"
516,images/clothing/accessories/facial_mask_6f208e00e8.png,Facial mask,Accessories,clothing,built_not_accepted,facial_mask,c007-accessories,"wearable: built on the kid rig replica; not accepted for release because the wearable validator self-test has not passed (last run failed one negative case; the redesigned case was never run) and the game has no equip system yet; last batch run: gates passed, batch not frozen"
517,images/clothing/accessories/fake_nose_63e6d7feae.png,Fake nose,Accessories,clothing,built_not_accepted,fake_nose,c007-accessories,"wearable: built on the kid rig replica; not accepted for release because the wearable validator self-test has not passed (last run failed one negative case; the redesigned case was never run) and the game has no equip system yet; last batch run: gates passed, batch not frozen"
518,images/clothing/accessories/flower_sunglasses_a1d47c5e24.png,Flower sunglasses,Accessories,clothing,built_not_accepted,flower_sunglasses,c007-accessories,"wearable: built on the kid rig replica; not accepted for release because the wearable validator self-test has not passed (last run failed one negative case; the redesigned case was never run) and the game has no equip system yet; last batch run: gates passed, batch not frozen"
519,images/clothing/accessories/food_mess_0b49483844.png,Food mess,Accessories,clothing,built_not_accepted,food_mess,c007-accessories,"wearable: built on the kid rig replica; not accepted for release because the wearable validator self-test has not passed (last run failed one negative case; the redesigned case was never run) and the game has no equip system yet; last batch run: gates passed, batch not frozen"
520,images/clothing/accessories/funny_glasses_832e5570c6.png,Funny glasses,Accessories,clothing,built_not_accepted,funny_glasses,c007-accessories,"wearable: built on the kid rig replica; not accepted for release because the wearable validator self-test has not passed (last run failed one negative case; the redesigned case was never run) and the game has no equip system yet; last batch run: gates passed, batch not frozen"
521,images/clothing/accessories/gas_mask_fb25b9afa8.png,Gas mask,Accessories,clothing,built_not_accepted,gas_mask,c007-accessories,"wearable: built on the kid rig replica; not accepted for release because the wearable validator self-test has not passed (last run failed one negative case; the redesigned case was never run) and the game has no equip system yet; last batch run: gates passed, batch not frozen"
522,images/clothing/accessories/glass_bottle_glasses_ee0d45d70a.png,Glass-bottle glasses,Accessories,clothing,built_not_accepted,glass_bottle_glasses,c007-accessories,"wearable: built on the kid rig replica; not accepted for release because the wearable validator self-test has not passed (last run failed one negative case; the redesigned case was never run) and the game has no equip system yet; last batch run: gates passed, batch not frozen"
523,images/clothing/accessories/goatee_5a70951be5.png,Goatee,Accessories,clothing,built_not_accepted,goatee,c007-accessories,"wearable: built on the kid rig replica; not accepted for release because the wearable validator self-test has not passed (last run failed one negative case; the redesigned case was never run) and the game has no equip system yet; last batch run: gates passed, batch not frozen"
524,images/clothing/accessories/goggles_e9ec41a672.png,Goggles,Accessories,clothing,built_not_accepted,goggles,c007-accessories,"wearable: built on the kid rig replica; not accepted for release because the wearable validator self-test has not passed (last run failed one negative case; the redesigned case was never run) and the game has no equip system yet; last batch run: gates passed, batch not frozen"
525,images/clothing/accessories/handlebar_mustache_c5beca526c.png,Handlebar mustache,Accessories,clothing,built_not_accepted,handlebar_mustache,c007-accessories,"wearable: built on the kid rig replica; not accepted for release because the wearable validator self-test has not passed (last run failed one negative case; the redesigned case was never run) and the game has no equip system yet; last batch run: gates passed, batch not frozen"
526,images/clothing/accessories/heart_shades_130c43b39a.png,Heart shades,Accessories,clothing,built_not_accepted,heart_shades,c007-accessories,"wearable: built on the kid rig replica; not accepted for release because the wearable validator self-test has not passed (last run failed one negative case; the redesigned case was never run) and the game has no equip system yet; last batch run: gates passed, batch not frozen"
527,images/clothing/accessories/hmd_ade1312cb7.png,HMD,Accessories,clothing,built_not_accepted,hmd,c007-accessories,"wearable: built on the kid rig replica; not accepted for release because the wearable validator self-test has not passed (last run failed one negative case; the redesigned case was never run) and the game has no equip system yet; last batch run: gates passed, batch not frozen"
528,images/clothing/accessories/jester_s_mask_f85b3cebfd.png,Jester's mask,Accessories,clothing,built_not_accepted,jesters_mask,c007-accessories,"wearable: built on the kid rig replica; not accepted for release because the wearable validator self-test has not passed (last run failed one negative case; the redesigned case was never run) and the game has no equip system yet; last batch run: gates passed, batch not frozen"
529,images/clothing/accessories/labelle_sunglasses_9318844e50.png,Labelle sunglasses,Accessories,clothing,built_not_accepted,labelle_sunglasses,c007-accessories,"wearable: built on the kid rig replica; not accepted for release because the wearable validator self-test has not passed (last run failed one negative case; the redesigned case was never run) and the game has no equip system yet; last batch run: gates passed, batch not frozen"
530,images/clothing/accessories/ladder_shades_111adff806.png,Ladder shades,Accessories,clothing,built_not_accepted,ladder_shades,c007-accessories,"wearable: built on the kid rig replica; not accepted for release because the wearable validator self-test has not passed (last run failed one negative case; the redesigned case was never run) and the game has no equip system yet; last batch run: gates passed, batch not frozen"
531,images/clothing/accessories/leaf_9e58f45e94.png,Leaf,Accessories,clothing,built_not_accepted,leaf,c007-accessories,"wearable: built on the kid rig replica; not accepted for release because the wearable validator self-test has not passed (last run failed one negative case; the redesigned case was never run) and the game has no equip system yet; last batch run: gates passed, batch not frozen"
532,images/clothing/accessories/luigi_stache_39e1e99231.png,Luigi 'stache,Accessories,clothing,blocked,,,"BLOCKED third-party IP: Nintendo Super Mario character feature (Luigi). The reference IS that franchise/brand item; task rules forbid copying recognizable Nintendo/third-party designs, and a generic substitute would not represent this reference. Evidence: item name + source_item_url in this record; icon in input/references/nookipedia/images/clothing/."
533,images/clothing/accessories/mario_stache_0a3b739fb2.png,Mario 'stache,Accessories,clothing,blocked,,,"BLOCKED third-party IP: Nintendo Super Mario character feature (Mario). The reference IS that franchise/brand item; task rules forbid copying recognizable Nintendo/third-party designs, and a generic substitute would not represent this reference. Evidence: item name + source_item_url in this record; icon in input/references/nookipedia/images/clothing/."
534,images/clothing/accessories/masquerade_mask_b6b3c5c79f.png,Masquerade mask,Accessories,clothing,built_not_accepted,masquerade_mask,c007-accessories,"wearable: built on the kid rig replica; not accepted for release because the wearable validator self-test has not passed (last run failed one negative case; the redesigned case was never run) and the game has no equip system yet; last batch run: gates passed, batch not frozen"
535,images/clothing/accessories/monocle_04684c87fb.png,Monocle,Accessories,clothing,built_not_accepted,monocle,c007-accessories,"wearable: built on the kid rig replica; not accepted for release because the wearable validator self-test has not passed (last run failed one negative case; the redesigned case was never run) and the game has no equip system yet; last batch run: gates passed, batch not frozen"
536,images/clothing/accessories/neon_shades_0f8c71830d.png,Neon shades,Accessories,clothing,built_not_accepted,neon_shades,c007-accessories,"wearable: built on the kid rig replica; not accepted for release because the wearable validator self-test has not passed (last run failed one negative case; the redesigned case was never run) and the game has no equip system yet; last batch run: gates passed, batch not frozen"
537,images/clothing/accessories/night_vision_goggles_b812586bc2.png,Night-vision goggles,Accessories,clothing,built_not_accepted,night_vision_goggles,c007-accessories,"wearable: built on the kid rig replica; not accepted for release because the wearable validator self-test has not passed (last run failed one negative case; the redesigned case was never run) and the game has no equip system yet; last batch run: gates passed, batch not frozen"
538,images/clothing/accessories/nook_inc_eye_mask_471bf4bff6.png,Nook Inc. eye mask,Accessories,clothing,built_not_accepted,nook_inc_eye_mask,c007-accessories,"wearable: built on the kid rig replica; not accepted for release because the wearable validator self-test has not passed (last run failed one negative case; the redesigned case was never run) and the game has no equip system yet; last batch run: gates passed, batch not frozen"
539,images/clothing/bags/acorn_pochette_74b90b29fd.png,Acorn pochette,Bags,clothing,built_not_accepted,acorn_pochette,c008-bags,"wearable: built on the kid rig replica; not accepted for release because the wearable validator self-test has not passed (last run failed one negative case; the redesigned case was never run) and the game has no equip system yet; batch frozen, all gates passed"
540,images/clothing/bags/apparel_shop_paper_bag_aa547dfcfd.png,Apparel-shop paper bag,Bags,clothing,built_not_accepted,apparel_shop_paper_bag,c008-bags,"wearable: built on the kid rig replica; not accepted for release because the wearable validator self-test has not passed (last run failed one negative case; the redesigned case was never run) and the game has no equip system yet; batch frozen, all gates passed"
541,images/clothing/bags/asian_style_clasp_purse_870caf2985.png,Asian-style clasp purse,Bags,clothing,built_not_accepted,asian_style_clasp_purse,c008-bags,"wearable: built on the kid rig replica; not accepted for release because the wearable validator self-test has not passed (last run failed one negative case; the redesigned case was never run) and the game has no equip system yet; batch frozen, all gates passed"
542,images/clothing/bags/basket_bag_aab188cf40.png,Basket bag,Bags,clothing,built_not_accepted,basket_bag,c008-bags,"wearable: built on the kid rig replica; not accepted for release because the wearable validator self-test has not passed (last run failed one negative case; the redesigned case was never run) and the game has no equip system yet; batch frozen, all gates passed"
543,images/clothing/bags/basket_pack_e1bb5d47f0.png,Basket pack,Bags,clothing,built_not_accepted,basket_pack,c008-bags,"wearable: built on the kid rig replica; not accepted for release because the wearable validator self-test has not passed (last run failed one negative case; the redesigned case was never run) and the game has no equip system yet; batch frozen, all gates passed"
544,images/clothing/bags/beaded_clasp_purse_d19de409b3.png,Beaded clasp purse,Bags,clothing,built_not_accepted,beaded_clasp_purse,c008-bags,"wearable: built on the kid rig replica; not accepted for release because the wearable validator self-test has not passed (last run failed one negative case; the redesigned case was never run) and the game has no equip system yet; batch frozen, all gates passed"
545,images/clothing/bags/bear_backpack_c1cf93e9c4.png,Bear backpack,Bags,clothing,built_not_accepted,bear_backpack,c008-bags,"wearable: built on the kid rig replica; not accepted for release because the wearable validator self-test has not passed (last run failed one negative case; the redesigned case was never run) and the game has no equip system yet; batch frozen, all gates passed"
546,images/clothing/bags/botanical_print_backpack_1e8f751509.png,Botanical-print backpack,Bags,clothing,built_not_accepted,botanical_print_backpack,c008-bags,"wearable: built on the kid rig replica; not accepted for release because the wearable validator self-test has not passed (last run failed one negative case; the redesigned case was never run) and the game has no equip system yet; batch frozen, all gates passed"
547,images/clothing/bags/bread_print_eco_bag_b8098ec5b7.png,Bread-print eco bag,Bags,clothing,built_not_accepted,bread_print_eco_bag,c008-bags,"wearable: built on the kid rig replica; not accepted for release because the wearable validator self-test has not passed (last run failed one negative case; the redesigned case was never run) and the game has no equip system yet; batch frozen, all gates passed"
548,images/clothing/bags/bug_cage_5424a27f24.png,Bug cage,Bags,clothing,built_not_accepted,bug_cage,c008-bags,"wearable: built on the kid rig replica; not accepted for release because the wearable validator self-test has not passed (last run failed one negative case; the redesigned case was never run) and the game has no equip system yet; batch frozen, all gates passed"
549,images/clothing/bags/bunny_day_bag_6d8f67e1e1.png,Bunny Day bag,Bags,clothing,built_not_accepted,bunny_day_bag,c008-bags,"wearable: built on the kid rig replica; not accepted for release because the wearable validator self-test has not passed (last run failed one negative case; the redesigned case was never run) and the game has no equip system yet; batch frozen, all gates passed"
550,images/clothing/bags/butterfly_backpack_d72e501775.png,Butterfly backpack,Bags,clothing,built_not_accepted,butterfly_backpack,c008-bags,"wearable: built on the kid rig replica; not accepted for release because the wearable validator self-test has not passed (last run failed one negative case; the redesigned case was never run) and the game has no equip system yet; batch frozen, all gates passed"
551,images/clothing/bags/camo_tote_bag_457b740884.png,Camo tote bag,Bags,clothing,built_not_accepted,camo_tote_bag,c008-bags,"wearable: built on the kid rig replica; not accepted for release because the wearable validator self-test has not passed (last run failed one negative case; the redesigned case was never run) and the game has no equip system yet; batch frozen, all gates passed"
552,images/clothing/bags/canvas_backpack_34dd2e6c6b.png,Canvas backpack,Bags,clothing,built_not_accepted,canvas_backpack,c008-bags,"wearable: built on the kid rig replica; not accepted for release because the wearable validator self-test has not passed (last run failed one negative case; the redesigned case was never run) and the game has no equip system yet; batch frozen, all gates passed"
553,images/clothing/bags/checkered_backpack_8aa41d5aab.png,Checkered backpack,Bags,clothing,built_not_accepted,checkered_backpack,c008-bags,"wearable: built on the kid rig replica; not accepted for release because the wearable validator self-test has not passed (last run failed one negative case; the redesigned case was never run) and the game has no equip system yet; batch frozen, all gates passed"
554,images/clothing/bags/cherry_blossom_pochette_054105cfbf.png,Cherry-blossom pochette,Bags,clothing,built_not_accepted,cherry_blossom_pochette,c008-bags,"wearable: built on the kid rig replica; not accepted for release because the wearable validator self-test has not passed (last run failed one negative case; the redesigned case was never run) and the game has no equip system yet; batch frozen, all gates passed"
555,images/clothing/bags/clasp_purse_e182ba0720.png,Clasp purse,Bags,clothing,built_not_accepted,clasp_purse,c008-bags,"wearable: built on the kid rig replica; not accepted for release because the wearable validator self-test has not passed (last run failed one negative case; the redesigned case was never run) and the game has no equip system yet; batch frozen, all gates passed"
556,images/clothing/bags/cloth_shoulder_bag_01eeec3813.png,Cloth shoulder bag,Bags,clothing,built_not_accepted,cloth_shoulder_bag,c008-bags,"wearable: built on the kid rig replica; not accepted for release because the wearable validator self-test has not passed (last run failed one negative case; the redesigned case was never run) and the game has no equip system yet; batch frozen, all gates passed"
557,images/clothing/bags/clutch_5ac2253c82.png,Clutch,Bags,clothing,built_not_accepted,clutch,c008-bags,"wearable: built on the kid rig replica; not accepted for release because the wearable validator self-test has not passed (last run failed one negative case; the redesigned case was never run) and the game has no equip system yet; batch frozen, all gates passed"
558,images/clothing/bags/crossbody_bag_5acdf4ad1c.png,Crossbody bag,Bags,clothing,built_not_accepted,crossbody_bag,c008-bags,"wearable: built on the kid rig replica; not accepted for release because the wearable validator self-test has not passed (last run failed one negative case; the redesigned case was never run) and the game has no equip system yet; batch frozen, all gates passed"
559,images/clothing/bags/crossbody_boston_bag_0190493e85.png,Crossbody boston bag,Bags,clothing,built_not_accepted,crossbody_boston_bag,c008-bags,"wearable: built on the kid rig replica; not accepted for release because the wearable validator self-test has not passed (last run failed one negative case; the redesigned case was never run) and the game has no equip system yet; batch frozen, all gates passed"
560,images/clothing/bags/dal_backpack_3031fd755e.png,DAL backpack,Bags,clothing,built_not_accepted,dal_backpack,c008-bags,"wearable: built on the kid rig replica; not accepted for release because the wearable validator self-test has not passed (last run failed one negative case; the redesigned case was never run) and the game has no equip system yet; batch frozen, all gates passed"
561,images/clothing/bags/delivery_bag_0881a460e3.png,Delivery bag,Bags,clothing,built_not_accepted,delivery_bag,c008-bags,"wearable: built on the kid rig replica; not accepted for release because the wearable validator self-test has not passed (last run failed one negative case; the redesigned case was never run) and the game has no equip system yet; batch frozen, all gates passed"
562,images/clothing/bags/department_store_paper_bag_4e818bef3c.png,Department-store paper bag,Bags,clothing,built_not_accepted,department_store_paper_bag,c008-bags,"wearable: built on the kid rig replica; not accepted for release because the wearable validator self-test has not passed (last run failed one negative case; the redesigned case was never run) and the game has no equip system yet; batch frozen, all gates passed"
563,images/clothing/bags/diamond_weave_basket_bag_c695873bb6.png,Diamond-weave basket bag,Bags,clothing,built_not_accepted,diamond_weave_basket_bag,c008-bags,"wearable: built on the kid rig replica; not accepted for release because the wearable validator self-test has not passed (last run failed one negative case; the redesigned case was never run) and the game has no equip system yet; batch frozen, all gates passed"
564,images/clothing/bags/dreamy_backpack_09ec2f9993.png,Dreamy backpack,Bags,clothing,built_not_accepted,dreamy_backpack,c008-bags,"wearable: built on the kid rig replica; not accepted for release because the wearable validator self-test has not passed (last run failed one negative case; the redesigned case was never run) and the game has no equip system yet; batch frozen, all gates passed"
565,images/clothing/bags/dreamy_pochette_9ee092f1cc.png,Dreamy pochette,Bags,clothing,built_not_accepted,dreamy_pochette,c008-bags,"wearable: built on the kid rig replica; not accepted for release because the wearable validator self-test has not passed (last run failed one negative case; the redesigned case was never run) and the game has no equip system yet; batch frozen, all gates passed"
566,images/clothing/bags/dreamy_ribbon_pochette_6d08a5cbab.png,Dreamy ribbon pochette,Bags,clothing,built_not_accepted,dreamy_ribbon_pochette,c008-bags,"wearable: built on the kid rig replica; not accepted for release because the wearable validator self-test has not passed (last run failed one negative case; the redesigned case was never run) and the game has no equip system yet; batch frozen, all gates passed"
567,images/clothing/bags/dreamy_unicorn_pochette_74d7bcf291.png,Dreamy unicorn pochette,Bags,clothing,built_not_accepted,dreamy_unicorn_pochette,c008-bags,"wearable: built on the kid rig replica; not accepted for release because the wearable validator self-test has not passed (last run failed one negative case; the redesigned case was never run) and the game has no equip system yet; batch frozen, all gates passed"
568,images/clothing/bags/dry_bag_4bf0a6582d.png,Dry bag,Bags,clothing,built_not_accepted,dry_bag,c008-bags,"wearable: built on the kid rig replica; not accepted for release because the wearable validator self-test has not passed (last run failed one negative case; the redesigned case was never run) and the game has no equip system yet; batch frozen, all gates passed"
569,images/clothing/bags/electronics_store_paper_bag_2c124013e8.png,Electronics-store paper bag,Bags,clothing,built_not_accepted,electronics_store_paper_bag,c008-bags,"wearable: built on the kid rig replica; not accepted for release because the wearable validator self-test has not passed (last run failed one negative case; the redesigned case was never run) and the game has no equip system yet; batch frozen, all gates passed"
570,images/clothing/bags/evening_bag_df6c6841d8.png,Evening bag,Bags,clothing,built_not_accepted,evening_bag,c008-bags,"wearable: built on the kid rig replica; not accepted for release because the wearable validator self-test has not passed (last run failed one negative case; the redesigned case was never run) and the game has no equip system yet; batch frozen, all gates passed"
571,images/clothing/bags/extra_large_backpack_b6b14ad404.png,Extra-large backpack,Bags,clothing,built_not_accepted,extra_large_backpack,c008-bags,"wearable: built on the kid rig replica; not accepted for release because the wearable validator self-test has not passed (last run failed one negative case; the redesigned case was never run) and the game has no equip system yet; batch frozen, all gates passed"
572,images/clothing/bags/faux_fur_bag_f946233c02.png,Faux-fur bag,Bags,clothing,built_not_accepted,faux_fur_bag,c008-bags,"wearable: built on the kid rig replica; not accepted for release because the wearable validator self-test has not passed (last run failed one negative case; the redesigned case was never run) and the game has no equip system yet; batch frozen, all gates passed"
573,images/clothing/bags/fish_pochette_6d4230f51c.png,Fish pochette,Bags,clothing,built_not_accepted,fish_pochette,c008-bags,"wearable: built on the kid rig replica; not accepted for release because the wearable validator self-test has not passed (last run failed one negative case; the redesigned case was never run) and the game has no equip system yet; batch frozen, all gates passed"
574,images/clothing/bags/fish_print_eco_bag_ead8259334.png,Fish-print eco bag,Bags,clothing,built_not_accepted,fish_print_eco_bag,c008-bags,"wearable: built on the kid rig replica; not accepted for release because the wearable validator self-test has not passed (last run failed one negative case; the redesigned case was never run) and the game has no equip system yet; batch frozen, all gates passed"
575,images/clothing/bags/flower_print_eco_bag_49cec9908c.png,Flower-print eco bag,Bags,clothing,built_not_accepted,flower_print_eco_bag,c008-bags,"wearable: built on the kid rig replica; not accepted for release because the wearable validator self-test has not passed (last run failed one negative case; the redesigned case was never run) and the game has no equip system yet; batch frozen, all gates passed"
576,images/clothing/bags/foldover_top_backpack_1c2f9fec66.png,Foldover-top backpack,Bags,clothing,built_not_accepted,foldover_top_backpack,c008-bags,"wearable: built on the kid rig replica; not accepted for release because the wearable validator self-test has not passed (last run failed one negative case; the redesigned case was never run) and the game has no equip system yet; batch frozen, all gates passed"
577,images/clothing/bags/furoshiki_bag_f1c940041b.png,Furoshiki bag,Bags,clothing,built_not_accepted,furoshiki_bag,c008-bags,"wearable: built on the kid rig replica; not accepted for release because the wearable validator self-test has not passed (last run failed one negative case; the redesigned case was never run) and the game has no equip system yet; batch frozen, all gates passed"
578,images/clothing/bags/grape_harvest_basket_aee0f17f99.png,Grape-harvest basket,Bags,clothing,built_not_accepted,grape_harvest_basket,c008-bags,"wearable: built on the kid rig replica; not accepted for release because the wearable validator self-test has not passed (last run failed one negative case; the redesigned case was never run) and the game has no equip system yet; batch frozen, all gates passed"
579,images/clothing/bags/gumdrop_shoulder_bag_a72f0dc927.png,Gumdrop shoulder bag,Bags,clothing,built_not_accepted,gumdrop_shoulder_bag,c008-bags,"wearable: built on the kid rig replica; not accepted for release because the wearable validator self-test has not passed (last run failed one negative case; the redesigned case was never run) and the game has no equip system yet; batch frozen, all gates passed"
580,images/clothing/bags/hand_knit_pouch_38b4f6cb38.png,Hand-knit pouch,Bags,clothing,built_not_accepted,hand_knit_pouch,c008-bags,"wearable: built on the kid rig replica; not accepted for release because the wearable validator self-test has not passed (last run failed one negative case; the redesigned case was never run) and the game has no equip system yet; batch frozen, all gates passed"
581,images/clothing/bags/hard_shell_backpack_c5aa2f6ad8.png,Hard-shell backpack,Bags,clothing,built_not_accepted,hard_shell_backpack,c008-bags,"wearable: built on the kid rig replica; not accepted for release because the wearable validator self-test has not passed (last run failed one negative case; the redesigned case was never run) and the game has no equip system yet; batch frozen, all gates passed"
582,images/clothing/bags/hero_s_sword_and_shield_547e6eba61.png,Hero's sword and shield,Bags,clothing,blocked,,,"BLOCKED third-party IP: Nintendo The Legend of Zelda equipment (Master Sword and Hylian Shield). The reference IS that franchise/brand item; task rules forbid copying recognizable Nintendo/third-party designs, and a generic substitute would not represent this reference. Evidence: item name + source_item_url in this record; icon in input/references/nookipedia/images/clothing/."
583,images/clothing/bags/impish_wings_28f87bdcf2.png,Impish wings,Bags,clothing,built_not_accepted,impish_wings,c008-bags,"wearable: built on the kid rig replica; not accepted for release because the wearable validator self-test has not passed (last run failed one negative case; the redesigned case was never run) and the game has no equip system yet; batch frozen, all gates passed"
584,images/clothing/bags/ink_tank_c93e078677.png,Ink tank,Bags,clothing,blocked,,,"BLOCKED third-party IP: Nintendo Splatoon equipment. The reference IS that franchise/brand item; task rules forbid copying recognizable Nintendo/third-party designs, and a generic substitute would not represent this reference. Evidence: item name + source_item_url in this record; icon in input/references/nookipedia/images/clothing/."
585,images/clothing/bags/instrument_case_42e59821d6.png,Instrument case,Bags,clothing,built_not_accepted,instrument_case,c008-bags,"wearable: built on the kid rig replica; not accepted for release because the wearable validator self-test has not passed (last run failed one negative case; the redesigned case was never run) and the game has no equip system yet; batch frozen, all gates passed"
586,images/clothing/bags/jet_pack_1d8b07b56c.png,Jet pack,Bags,clothing,built_not_accepted,jet_pack,c008-bags,"wearable: built on the kid rig replica; not accepted for release because the wearable validator self-test has not passed (last run failed one negative case; the redesigned case was never run) and the game has no equip system yet; batch frozen, all gates passed"
587,images/clothing/bags/knapsack_5906cac778.png,Knapsack,Bags,clothing,built_not_accepted,knapsack,c008-bags,"wearable: built on the kid rig replica; not accepted for release because the wearable validator self-test has not passed (last run failed one negative case; the redesigned case was never run) and the game has no equip system yet; batch frozen, all gates passed"
588,images/clothing/bags/knitted_grass_backpack_0e84e7fe4c.png,Knitted-grass backpack,Bags,clothing,built_not_accepted,knitted_grass_backpack,c008-bags,"wearable: built on the kid rig replica; not accepted for release because the wearable validator self-test has not passed (last run failed one negative case; the redesigned case was never run) and the game has no equip system yet; batch frozen, all gates passed"
589,images/clothing/umbrellas/apple_umbrella_8ed1bfa031.png,Apple umbrella,Umbrellas,clothing,built_not_accepted,apple_umbrella,c009-umbrellas,"wearable: built on the kid rig replica; not accepted for release because the wearable validator self-test has not passed (last run failed one negative case; the redesigned case was never run) and the game has no equip system yet; batch frozen, all gates passed"
590,images/clothing/umbrellas/bat_umbrella_79aecc0d18.png,Bat umbrella,Umbrellas,clothing,built_not_accepted,bat_umbrella,c009-umbrellas,"wearable: built on the kid rig replica; not accepted for release because the wearable validator self-test has not passed (last run failed one negative case; the redesigned case was never run) and the game has no equip system yet; batch frozen, all gates passed"
591,images/clothing/umbrellas/beach_umbrella_860d9bf64d.png,Beach umbrella,Umbrellas,clothing,built_not_accepted,beach_umbrella,c009-umbrellas,"wearable: built on the kid rig replica; not accepted for release because the wearable validator self-test has not passed (last run failed one negative case; the redesigned case was never run) and the game has no equip system yet; batch frozen, all gates passed"
592,images/clothing/umbrellas/bear_umbrella_1fd6817fa0.png,Bear umbrella,Umbrellas,clothing,built_not_accepted,bear_umbrella,c009-umbrellas,"wearable: built on the kid rig replica; not accepted for release because the wearable validator self-test has not passed (last run failed one negative case; the redesigned case was never run) and the game has no equip system yet; batch frozen, all gates passed"
593,images/clothing/umbrellas/black_chic_umbrella_be56604d33.png,Black chic umbrella,Umbrellas,clothing,built_not_accepted,black_chic_umbrella,c009-umbrellas,"wearable: built on the kid rig replica; not accepted for release because the wearable validator self-test has not passed (last run failed one negative case; the redesigned case was never run) and the game has no equip system yet; batch frozen, all gates passed"
594,images/clothing/umbrellas/black_lace_umbrella_69cfae627e.png,Black lace umbrella,Umbrellas,clothing,built_not_accepted,black_lace_umbrella,c009-umbrellas,"wearable: built on the kid rig replica; not accepted for release because the wearable validator self-test has not passed (last run failed one negative case; the redesigned case was never run) and the game has no equip system yet; batch frozen, all gates passed"
595,images/clothing/umbrellas/blue_dot_parasol_4593018b4d.png,Blue dot parasol,Umbrellas,clothing,built_not_accepted,blue_dot_parasol,c009-umbrellas,"wearable: built on the kid rig replica; not accepted for release because the wearable validator self-test has not passed (last run failed one negative case; the redesigned case was never run) and the game has no equip system yet; batch frozen, all gates passed"
596,images/clothing/umbrellas/blue_shiny_bows_parasol_c254fd618a.png,Blue shiny-bows parasol,Umbrellas,clothing,built_not_accepted,blue_shiny_bows_parasol,c009-umbrellas,"wearable: built on the kid rig replica; not accepted for release because the wearable validator self-test has not passed (last run failed one negative case; the redesigned case was never run) and the game has no equip system yet; batch frozen, all gates passed"
597,images/clothing/umbrellas/blue_umbrella_30a51f8838.png,Blue umbrella,Umbrellas,clothing,built_not_accepted,blue_umbrella,c009-umbrellas,"wearable: built on the kid rig replica; not accepted for release because the wearable validator self-test has not passed (last run failed one negative case; the redesigned case was never run) and the game has no equip system yet; batch frozen, all gates passed"
598,images/clothing/umbrellas/busted_umbrella_92fca961e3.png,Busted umbrella,Umbrellas,clothing,built_not_accepted,busted_umbrella,c009-umbrellas,"wearable: built on the kid rig replica; not accepted for release because the wearable validator self-test has not passed (last run failed one negative case; the redesigned case was never run) and the game has no equip system yet; batch frozen, all gates passed"
599,images/clothing/umbrellas/camo_umbrella_9c6e286107.png,Camo umbrella,Umbrellas,clothing,built_not_accepted,camo_umbrella,c009-umbrellas,"wearable: built on the kid rig replica; not accepted for release because the wearable validator self-test has not passed (last run failed one negative case; the redesigned case was never run) and the game has no equip system yet; batch frozen, all gates passed"
600,images/clothing/umbrellas/candy_umbrella_16dffceb40.png,Candy umbrella,Umbrellas,clothing,built_not_accepted,candy_umbrella,c009-umbrellas,"wearable: built on the kid rig replica; not accepted for release because the wearable validator self-test has not passed (last run failed one negative case; the redesigned case was never run) and the game has no equip system yet; batch frozen, all gates passed"
601,images/clothing/umbrellas/cherry_blossom_umbrella_2a566c44f4.png,Cherry-blossom umbrella,Umbrellas,clothing,built_not_accepted,cherry_blossom_umbrella,c009-umbrellas,"wearable: built on the kid rig replica; not accepted for release because the wearable validator self-test has not passed (last run failed one negative case; the redesigned case was never run) and the game has no equip system yet; batch frozen, all gates passed"
602,images/clothing/umbrellas/cherry_umbrella_35a78b2680.png,Cherry umbrella,Umbrellas,clothing,built_not_accepted,cherry_umbrella,c009-umbrellas,"wearable: built on the kid rig replica; not accepted for release because the wearable validator self-test has not passed (last run failed one negative case; the redesigned case was never run) and the game has no equip system yet; batch frozen, all gates passed"
603,images/clothing/umbrellas/dal_umbrella_cf1a4b3801.png,DAL umbrella,Umbrellas,clothing,built_not_accepted,dal_umbrella,c009-umbrellas,"wearable: built on the kid rig replica; not accepted for release because the wearable validator self-test has not passed (last run failed one negative case; the redesigned case was never run) and the game has no equip system yet; batch frozen, all gates passed"
604,images/clothing/umbrellas/eggy_parasol_d33653ec1a.png,Eggy parasol,Umbrellas,clothing,built_not_accepted,eggy_parasol,c009-umbrellas,"wearable: built on the kid rig replica; not accepted for release because the wearable validator self-test has not passed (last run failed one negative case; the redesigned case was never run) and the game has no equip system yet; batch frozen, all gates passed"
605,images/clothing/umbrellas/exquisite_parasol_a27cb59ad6.png,Exquisite parasol,Umbrellas,clothing,built_not_accepted,exquisite_parasol,c009-umbrellas,"wearable: built on the kid rig replica; not accepted for release because the wearable validator self-test has not passed (last run failed one negative case; the redesigned case was never run) and the game has no equip system yet; batch frozen, all gates passed"
606,images/clothing/umbrellas/fairy_tale_umbrella_a9d283ad9d.png,Fairy-tale umbrella,Umbrellas,clothing,built_not_accepted,fairy_tale_umbrella,c009-umbrellas,"wearable: built on the kid rig replica; not accepted for release because the wearable validator self-test has not passed (last run failed one negative case; the redesigned case was never run) and the game has no equip system yet; batch frozen, all gates passed"
607,images/clothing/umbrellas/fish_umbrella_924fda7137.png,Fish umbrella,Umbrellas,clothing,built_not_accepted,fish_umbrella,c009-umbrellas,"wearable: built on the kid rig replica; not accepted for release because the wearable validator self-test has not passed (last run failed one negative case; the redesigned case was never run) and the game has no equip system yet; batch frozen, all gates passed"
608,images/clothing/umbrellas/frog_umbrella_7017c8b8d1.png,Frog umbrella,Umbrellas,clothing,built_not_accepted,frog_umbrella,c009-umbrellas,"wearable: built on the kid rig replica; not accepted for release because the wearable validator self-test has not passed (last run failed one negative case; the redesigned case was never run) and the game has no equip system yet; batch frozen, all gates passed"
609,images/clothing/umbrellas/gelato_umbrella_c06081b1d5.png,Gelato umbrella,Umbrellas,clothing,built_not_accepted,gelato_umbrella,c009-umbrellas,"wearable: built on the kid rig replica; not accepted for release because the wearable validator self-test has not passed (last run failed one negative case; the redesigned case was never run) and the game has no equip system yet; batch frozen, all gates passed"
610,images/clothing/umbrellas/ghost_umbrella_1159c2bc08.png,Ghost umbrella,Umbrellas,clothing,built_not_accepted,ghost_umbrella,c009-umbrellas,"wearable: built on the kid rig replica; not accepted for release because the wearable validator self-test has not passed (last run failed one negative case; the redesigned case was never run) and the game has no equip system yet; batch frozen, all gates passed"
611,images/clothing/umbrellas/grape_umbrella_569ab20917.png,Grape umbrella,Umbrellas,clothing,built_not_accepted,grape_umbrella,c009-umbrellas,"wearable: built on the kid rig replica; not accepted for release because the wearable validator self-test has not passed (last run failed one negative case; the redesigned case was never run) and the game has no equip system yet; batch frozen, all gates passed"
612,images/clothing/umbrellas/green_chic_umbrella_35a7ae07d6.png,Green chic umbrella,Umbrellas,clothing,built_not_accepted,green_chic_umbrella,c009-umbrellas,"wearable: built on the kid rig replica; not accepted for release because the wearable validator self-test has not passed (last run failed one negative case; the redesigned case was never run) and the game has no equip system yet; batch frozen, all gates passed"
613,images/clothing/umbrellas/green_umbrella_30023e5a11.png,Green umbrella,Umbrellas,clothing,built_not_accepted,green_umbrella,c009-umbrellas,"wearable: built on the kid rig replica; not accepted for release because the wearable validator self-test has not passed (last run failed one negative case; the redesigned case was never run) and the game has no equip system yet; batch frozen, all gates passed"
614,images/clothing/umbrellas/hotel_umbrella_41510b4c82.png,Hotel umbrella,Umbrellas,clothing,built_not_accepted,hotel_umbrella,c009-umbrellas,"wearable: built on the kid rig replica; not accepted for release because the wearable validator self-test has not passed (last run failed one negative case; the redesigned case was never run) and the game has no equip system yet; batch frozen, all gates passed"
615,images/clothing/umbrellas/hydrangea_umbrella_8f91d55d9e.png,Hydrangea umbrella,Umbrellas,clothing,built_not_accepted,hydrangea_umbrella,c009-umbrellas,"wearable: built on the kid rig replica; not accepted for release because the wearable validator self-test has not passed (last run failed one negative case; the redesigned case was never run) and the game has no equip system yet; batch frozen, all gates passed"
616,images/clothing/umbrellas/kabuki_umbrella_88136240e1.png,Kabuki umbrella,Umbrellas,clothing,built_not_accepted,kabuki_umbrella,c009-umbrellas,"wearable: built on the kid rig replica; not accepted for release because the wearable validator self-test has not passed (last run failed one negative case; the redesigned case was never run) and the game has no equip system yet; batch frozen, all gates passed"
617,images/clothing/umbrellas/kiwi_umbrella_75ccf3a1dd.png,Kiwi umbrella,Umbrellas,clothing,built_not_accepted,kiwi_umbrella,c009-umbrellas,"wearable: built on the kid rig replica; not accepted for release because the wearable validator self-test has not passed (last run failed one negative case; the redesigned case was never run) and the game has no equip system yet; batch frozen, all gates passed"
618,images/clothing/umbrellas/lacy_parasol_fae55900a7.png,Lacy parasol,Umbrellas,clothing,built_not_accepted,lacy_parasol,c009-umbrellas,"wearable: built on the kid rig replica; not accepted for release because the wearable validator self-test has not passed (last run failed one negative case; the redesigned case was never run) and the game has no equip system yet; batch frozen, all gates passed"
619,images/clothing/umbrellas/ladybug_umbrella_0b8a64c870.png,Ladybug umbrella,Umbrellas,clothing,built_not_accepted,ladybug_umbrella,c009-umbrellas,"wearable: built on the kid rig replica; not accepted for release because the wearable validator self-test has not passed (last run failed one negative case; the redesigned case was never run) and the game has no equip system yet; batch frozen, all gates passed"
620,images/clothing/umbrellas/leaf_umbrella_3bacf2cad5.png,Leaf umbrella,Umbrellas,clothing,built_not_accepted,leaf_umbrella,c009-umbrellas,"wearable: built on the kid rig replica; not accepted for release because the wearable validator self-test has not passed (last run failed one negative case; the redesigned case was never run) and the game has no equip system yet; batch frozen, all gates passed"
621,images/clothing/umbrellas/lemon_umbrella_11809bdcac.png,Lemon umbrella,Umbrellas,clothing,built_not_accepted,lemon_umbrella,c009-umbrellas,"wearable: built on the kid rig replica; not accepted for release because the wearable validator self-test has not passed (last run failed one negative case; the redesigned case was never run) and the game has no equip system yet; batch frozen, all gates passed"
622,images/clothing/umbrellas/logo_umbrella_b9646b1935.png,Logo umbrella,Umbrellas,clothing,built_not_accepted,logo_umbrella,c009-umbrellas,"wearable: built on the kid rig replica; not accepted for release because the wearable validator self-test has not passed (last run failed one negative case; the redesigned case was never run) and the game has no equip system yet; batch frozen, all gates passed"
623,images/clothing/umbrellas/maple_leaf_umbrella_2c49a429dc.png,Maple-leaf umbrella,Umbrellas,clothing,built_not_accepted,maple_leaf_umbrella,c009-umbrellas,"wearable: built on the kid rig replica; not accepted for release because the wearable validator self-test has not passed (last run failed one negative case; the redesigned case was never run) and the game has no equip system yet; batch frozen, all gates passed"
624,images/clothing/umbrellas/melon_umbrella_707b060a60.png,Melon umbrella,Umbrellas,clothing,built_not_accepted,melon_umbrella,c009-umbrellas,"wearable: built on the kid rig replica; not accepted for release because the wearable validator self-test has not passed (last run failed one negative case; the redesigned case was never run) and the game has no equip system yet; batch frozen, all gates passed"
625,images/clothing/umbrellas/mini_flower_print_umbrella_4fb4165cfe.png,Mini-flower-print umbrella,Umbrellas,clothing,built_not_accepted,mini_flower_print_umbrella,c009-umbrellas,"wearable: built on the kid rig replica; not accepted for release because the wearable validator self-test has not passed (last run failed one negative case; the redesigned case was never run) and the game has no equip system yet; batch frozen, all gates passed"
626,images/clothing/umbrellas/mint_umbrella_55614b390e.png,Mint umbrella,Umbrellas,clothing,built_not_accepted,mint_umbrella,c009-umbrellas,"wearable: built on the kid rig replica; not accepted for release because the wearable validator self-test has not passed (last run failed one negative case; the redesigned case was never run) and the game has no equip system yet; batch frozen, all gates passed"
627,images/clothing/umbrellas/mush_umbrella_5e8028c7a8.png,Mush umbrella,Umbrellas,clothing,built_not_accepted,mush_umbrella,c009-umbrellas,"wearable: built on the kid rig replica; not accepted for release because the wearable validator self-test has not passed (last run failed one negative case; the redesigned case was never run) and the game has no equip system yet; batch frozen, all gates passed"
628,images/clothing/umbrellas/nook_inc_umbrella_2e7b2bca6e.png,Nook Inc. umbrella,Umbrellas,clothing,built_not_accepted,nook_inc_umbrella,c009-umbrellas,"wearable: built on the kid rig replica; not accepted for release because the wearable validator self-test has not passed (last run failed one negative case; the redesigned case was never run) and the game has no equip system yet; batch frozen, all gates passed"
629,images/clothing/umbrellas/orange_umbrella_cc778be028.png,Orange umbrella,Umbrellas,clothing,built_not_accepted,orange_umbrella,c009-umbrellas,"wearable: built on the kid rig replica; not accepted for release because the wearable validator self-test has not passed (last run failed one negative case; the redesigned case was never run) and the game has no equip system yet; batch frozen, all gates passed"
630,images/clothing/umbrellas/panda_umbrella_a8b0659e07.png,Panda umbrella,Umbrellas,clothing,built_not_accepted,panda_umbrella,c009-umbrellas,"wearable: built on the kid rig replica; not accepted for release because the wearable validator self-test has not passed (last run failed one negative case; the redesigned case was never run) and the game has no equip system yet; batch frozen, all gates passed"
631,images/clothing/umbrellas/paper_parasol_1a2b5ef92f.png,Paper parasol,Umbrellas,clothing,built_not_accepted,paper_parasol,c009-umbrellas,"wearable: built on the kid rig replica; not accepted for release because the wearable validator self-test has not passed (last run failed one negative case; the redesigned case was never run) and the game has no equip system yet; batch frozen, all gates passed"
632,images/clothing/umbrellas/paradise_planning_umbrella_a1de7c4f46.png,Paradise Planning umbrella,Umbrellas,clothing,built_not_accepted,paradise_planning_umbrella,c009-umbrellas,"wearable: built on the kid rig replica; not accepted for release because the wearable validator self-test has not passed (last run failed one negative case; the redesigned case was never run) and the game has no equip system yet; batch frozen, all gates passed"
633,images/clothing/umbrellas/patterned_vinyl_umbrella_ad56b85b42.png,Patterned vinyl umbrella,Umbrellas,clothing,built_not_accepted,patterned_vinyl_umbrella,c009-umbrellas,"wearable: built on the kid rig replica; not accepted for release because the wearable validator self-test has not passed (last run failed one negative case; the redesigned case was never run) and the game has no equip system yet; batch frozen, all gates passed"
634,images/clothing/umbrellas/peach_umbrella_6c802edb15.png,Peach umbrella,Umbrellas,clothing,built_not_accepted,peach_umbrella,c009-umbrellas,"wearable: built on the kid rig replica; not accepted for release because the wearable validator self-test has not passed (last run failed one negative case; the redesigned case was never run) and the game has no equip system yet; batch frozen, all gates passed"
635,images/clothing/umbrellas/pear_umbrella_ae437bb12d.png,Pear umbrella,Umbrellas,clothing,built_not_accepted,pear_umbrella,c009-umbrellas,"wearable: built on the kid rig replica; not accepted for release because the wearable validator self-test has not passed (last run failed one negative case; the redesigned case was never run) and the game has no equip system yet; batch frozen, all gates passed"
636,images/clothing/umbrellas/petal_parasol_a399b8b0b9.png,Petal parasol,Umbrellas,clothing,built_not_accepted,petal_parasol,c009-umbrellas,"wearable: built on the kid rig replica; not accepted for release because the wearable validator self-test has not passed (last run failed one negative case; the redesigned case was never run) and the game has no equip system yet; batch frozen, all gates passed"
637,images/clothing/umbrellas/picnic_umbrella_262dd3db26.png,Picnic umbrella,Umbrellas,clothing,built_not_accepted,picnic_umbrella,c009-umbrellas,"wearable: built on the kid rig replica; not accepted for release because the wearable validator self-test has not passed (last run failed one negative case; the redesigned case was never run) and the game has no equip system yet; batch frozen, all gates passed"
638,images/clothing/umbrellas/pineapple_umbrella_b5659395f8.png,Pineapple umbrella,Umbrellas,clothing,built_not_accepted,pineapple_umbrella,c009-umbrellas,"wearable: built on the kid rig replica; not accepted for release because the wearable validator self-test has not passed (last run failed one negative case; the redesigned case was never run) and the game has no equip system yet; batch frozen, all gates passed"
